season,team_api_id,time,total_gols_scored,total_partidas,media_gols_partida
2010/2011,8483,Blackpool,55,38,1.4473684210526316
2008/2009,7947,FCV Dender EH,44,34,1.2941176470588236
2015/2016,7896,Lugano,46,36,1.2777777777777777
2008/2009,9996,Royal Excel Mouscron,42,34,1.2352941176470589
2015/2016,8306,UD Las Palmas,45,38,1.1842105263157894
2015/2016,8678,Bournemouth,45,38,1.1842105263157894
2012/2013,8194,Fortuna Düsseldorf,39,34,1.1470588235294117
2012/2013,9798,Reading,43,38,1.131578947368421
2008/2009,6601,FC Volendam,38,34,1.1176470588235294
2015/2016,8262,SV Darmstadt 98,38,34,1.1176470588235294
2015/2016,177361,Termalica Bruk-Bet Nieciecza,33,30,1.1
2009/2010,9867,CD Tenerife,40,38,1.0526315789473684
2015/2016,8121,Angers SCO,40,38,1.0526315789473684
2015/2016,9817,Watford,40,38,1.0526315789473684
2011/2012,8457,Dunfermline Athletic,40,38,1.0526315789473684
2008/2009,4049,Tubize,35,34,1.0294117647058822
2010/2011,8152,FC St. Pauli,35,34,1.0294117647058822
2009/2010,9868,Xerez Club Deportivo,38,38,1.0
2008/2009,8388,CD Numancia,38,38,1.0
2011/2012,9836,Dijon FCO,38,38,1.0
2015/2016,188163,Tondela,34,34,1.0
2015/2016,208931,Carpi,37,38,0.9736842105263158
2015/2016,6391,GFC Ajaccio,37,38,0.9736842105263158
2015/2016,8234,FC Ingolstadt 04,33,34,0.9705882352941176
2010/2011,9765,Portimonense,29,30,0.9666666666666667
2010/2011,10278,Hércules Club de Fútbol,36,38,0.9473684210526315
2011/2012,6269,Novara,34,36,0.9444444444444444
2010/2011,6351,KAS Eupen,28,30,0.9333333333333333
2015/2016,9891,Frosinone,35,38,0.9210526315789473
2014/2015,8460,SC Paderborn 07,31,34,0.9117647058823529
2011/2012,4064,Feirense,27,30,0.9
2010/2011,9858,Brescia,34,38,0.8947368421052632
2008/2009,8479,RC Recreativo,34,38,0.8947368421052632
2015/2016,8197,Leicester City,68,76,0.8947368421052632
2008/2009,8398,FC Energie Cottbus,30,34,0.8823529411764706
2008/2009,8295,Karlsruher SC,30,34,0.8823529411764706
2008/2009,10213,Amadora,26,30,0.8666666666666667
2014/2015,6547,FC Penafiel,29,34,0.8529411764705882
2008/2009,9912,DSC Arminia Bielefeld,29,34,0.8529411764705882
2013/2014,9776,Eintracht Braunschweig,29,34,0.8529411764705882
2013/2014,8344,Cardiff City,32,38,0.8421052631578947
2015/2016,8573,KV Oostende,55,66,0.8333333333333334
2008/2009,7992,Trofense,25,30,0.8333333333333334
2009/2010,4170,US Boulogne Cote D'Opale,31,38,0.8157894736842105
2014/2015,8550,FC Metz,31,38,0.8157894736842105
2015/2016,6367,Uniao da Madeira,27,34,0.7941176470588235
2008/2009,8690,Reggio Calabria,30,38,0.7894736842105263
2008/2009,9746,Le Havre AC,30,38,0.7894736842105263
2012/2013,8357,SpVgg Greuther Fürth,26,34,0.7647058823529411
2008/2009,8549,Middlesbrough,28,38,0.7368421052631579
2013/2014,8027,Zawisza Bydgoszcz,43,60,0.7166666666666667
2012/2013,9878,Pescara,27,38,0.7105263157894737
2014/2015,6631,FC Dordrecht,24,34,0.7058823529411765
2010/2011,8350,1. FC Kaiserslautern,48,68,0.7058823529411765
2008/2009,8614,Sparta Rotterdam,46,68,0.6764705882352942
2013/2014,6433,Go Ahead Eagles,45,68,0.6617647058823529
2015/2016,274581,Royal Excel Mouscron,39,60,0.65
2015/2016,8372,SD Eibar,49,76,0.6447368421052632
2009/2010,9976,Bari,49,76,0.6447368421052632
2011/2012,9777,Servette FC,45,70,0.6428571428571429
2014/2015,8573,KV Oostende,40,66,0.6060606060606061
2014/2015,8197,Leicester City,46,76,0.6052631578947368
2014/2015,8534,Empoli,46,76,0.6052631578947368
2010/2011,8548,Rangers,88,152,0.5789473684210527
2014/2015,7869,Córdoba CF,22,38,0.5789473684210527
2008/2009,9911,VfL Bochum,39,68,0.5735294117647058
2008/2009,8682,Le Mans FC,43,76,0.5657894736842105
2012/2013,10242,ES Troyes AC,43,76,0.5657894736842105
2009/2010,8191,Burnley,42,76,0.5526315789473685
2010/2011,108893,AC Arles-Avignon,21,38,0.5526315789473685
2013/2014,9876,Hellas Verona,62,114,0.543859649122807
2009/2010,8548,Rangers,82,152,0.5394736842105263
2014/2015,274581,Royal Excel Mouscron,32,60,0.5333333333333333
2014/2015,8027,Zawisza Bydgoszcz,32,60,0.5333333333333333
2008/2009,9999,KSV Roeselare,33,62,0.532258064516129
2011/2012,9998,RAEC Mons,50,94,0.5319148936170213
2015/2016,8534,Empoli,40,76,0.5263157894736842
2014/2015,8019,Górnik Łęczna,31,60,0.5166666666666667
2013/2014,8537,Livorno,39,76,0.5131578947368421
2012/2013,1773,Oud-Heverlee Leuven,46,90,0.5111111111111111
2012/2013,9998,RAEC Mons,48,94,0.5106382978723404
2008/2009,8548,Rangers,77,152,0.506578947368421
2011/2012,8548,Rangers,77,152,0.506578947368421
2009/2010,8658,Birmingham City,38,76,0.5
2015/2016,8019,Górnik Łęczna,30,60,0.5
2008/2009,6421,Leixões SC,30,60,0.5
2008/2009,8462,Portsmouth,38,76,0.5
2008/2009,8596,Falkirk,37,76,0.4868421052631579
2010/2011,8658,Birmingham City,37,76,0.4868421052631579
2009/2010,9911,VfL Bochum,33,68,0.4852941176470588
2015/2016,158085,FC Arouca,47,98,0.47959183673469385
2009/2010,8682,Le Mans FC,36,76,0.47368421052631576
2009/2010,9999,KSV Roeselare,29,62,0.46774193548387094
2015/2016,1773,Oud-Heverlee Leuven,42,90,0.4666666666666667
2015/2016,8284,Dundee FC,53,114,0.4649122807017544
2014/2015,10268,Elche CF,35,76,0.4605263157894737
2012/2013,9777,Servette FC,32,70,0.45714285714285713
2014/2015,7788,SC Cambuur,46,102,0.45098039215686275
2008/2009,8244,Widzew Łódź,27,60,0.45
2009/2010,8242,Odra Wodzisław,27,60,0.45
2009/2010,8462,Portsmouth,34,76,0.4473684210526316
2014/2015,8372,SD Eibar,34,76,0.4473684210526316
2009/2010,8614,Sparta Rotterdam,30,68,0.4411764705882353
2009/2010,7955,Neuchâtel Xamax,55,126,0.4365079365079365
2014/2015,6413,PEC Zwolle,59,136,0.4338235294117647
2015/2016,7943,Sassuolo,49,114,0.4298245614035088
2014/2015,9876,Hellas Verona,49,114,0.4298245614035088
2014/2015,7943,Sassuolo,49,114,0.4298245614035088
2014/2015,6433,Go Ahead Eagles,29,68,0.4264705882352941
2011/2012,1773,Oud-Heverlee Leuven,38,90,0.4222222222222222
2014/2015,8426,Partick Thistle F.C.,48,114,0.42105263157894735
2015/2016,8475,Waasland-Beveren,40,96,0.4166666666666667
2009/2010,6421,Leixões SC,25,60,0.4166666666666667
2010/2011,9888,Lecce,46,111,0.4144144144144144
2015/2016,9747,En Avant de Guingamp,47,114,0.41228070175438597
2014/2015,9826,Crystal Palace,47,114,0.41228070175438597
2015/2016,6413,PEC Zwolle,56,136,0.4117647058823529
2009/2010,9855,Grenoble Foot 38,31,76,0.40789473684210525
2009/2010,8596,Falkirk,31,76,0.40789473684210525
2015/2016,9824,FC Vaduz,44,108,0.4074074074074074
2008/2009,6493,AC Bellinzona,44,108,0.4074074074074074
2010/2011,8602,Wolverhampton Wanderers,46,114,0.40350877192982454
2014/2015,8284,Dundee FC,46,114,0.40350877192982454
2013/2014,8426,Partick Thistle F.C.,46,114,0.40350877192982454
2011/2012,8633,Real Madrid CF,121,304,0.3980263157894737
2014/2015,8613,Boavista FC,27,68,0.39705882352941174
2008/2009,7955,Neuchâtel Xamax,50,126,0.3968253968253968
2013/2014,10268,Elche CF,30,76,0.39473684210526316
2013/2014,7788,SC Cambuur,40,102,0.39215686274509803
2013/2014,8023,Pogoń Szczecin,47,120,0.39166666666666666
2009/2010,8593,Ajax,106,272,0.3897058823529412
2010/2011,6493,AC Bellinzona,42,108,0.3888888888888889
2009/2010,9771,"União de Leiria, SAD",35,90,0.3888888888888889
2012/2013,10211,SC Beira Mar,35,90,0.3888888888888889
2009/2010,6493,AC Bellinzona,42,108,0.3888888888888889
2014/2015,8633,Real Madrid CF,118,304,0.3881578947368421
2015/2016,8466,Southampton,59,152,0.3881578947368421
2015/2016,8348,Moreirense FC,38,98,0.3877551020408163
2011/2012,8244,Widzew Łódź,23,60,0.38333333333333336
2008/2009,8242,Odra Wodzisław,23,60,0.38333333333333336
2013/2014,9930,FC Aarau,55,144,0.3819444444444444
2012/2013,8640,PSV,103,272,0.3786764705882353
2012/2013,8634,FC Barcelona,115,304,0.3782894736842105
2013/2014,7943,Sassuolo,43,114,0.37719298245614036
2011/2012,10172,Queens Park Rangers,43,114,0.37719298245614036
2011/2012,8634,FC Barcelona,114,304,0.375
2014/2015,10172,Queens Park Rangers,42,114,0.3684210526315789
2014/2015,8191,Burnley,28,76,0.3684210526315789
2015/2016,8634,FC Barcelona,112,304,0.3684210526315789
2015/2016,10242,ES Troyes AC,28,76,0.3684210526315789
2012/2013,7842,Estoril Praia,47,128,0.3671875
2015/2016,8633,Real Madrid CF,110,304,0.3618421052631579
2015/2016,8649,Ross County FC,55,152,0.3618421052631579
2014/2015,8634,FC Barcelona,110,304,0.3618421052631579
2012/2013,9823,FC Bayern Munich,98,272,0.3602941176470588
2014/2015,9747,En Avant de Guingamp,41,114,0.35964912280701755
2015/2016,8426,Partick Thistle F.C.,41,114,0.35964912280701755
2013/2014,7730,FC Lausanne-Sports,38,106,0.3584905660377358
2010/2011,10211,SC Beira Mar,32,90,0.35555555555555557
2013/2014,8466,Southampton,54,152,0.35526315789473684
2011/2012,4087,Évian Thonon Gaillard FC,54,152,0.35526315789473684
2010/2011,9976,Bari,27,76,0.35526315789473684
2009/2010,8537,Livorno,27,76,0.35526315789473684
2014/2015,8466,Southampton,54,152,0.35526315789473684
2015/2016,9772,SL Benfica,88,248,0.3548387096774194
2008/2009,8635,RSC Anderlecht,75,212,0.35377358490566035
2015/2016,8613,Boavista FC,24,68,0.35294117647058826
2011/2012,8350,1. FC Kaiserslautern,24,68,0.35294117647058826
2009/2010,8588,RC Lens,40,114,0.3508771929824561
2011/2012,8602,Wolverhampton Wanderers,40,114,0.3508771929824561
2011/2012,8576,AC Ajaccio,40,114,0.3508771929824561
2010/2011,7955,Neuchâtel Xamax,44,126,0.3492063492063492
2014/2015,9772,SL Benfica,86,248,0.3467741935483871
2013/2014,9823,FC Bayern Munich,94,272,0.34558823529411764
2014/2015,10218,Excelsior,47,136,0.34558823529411764
2013/2014,6413,PEC Zwolle,47,136,0.34558823529411764
2010/2011,9880,Cesena,38,110,0.34545454545454546
2008/2009,8634,FC Barcelona,105,304,0.34539473684210525
2011/2012,9888,Lecce,38,111,0.34234234234234234
2011/2012,9850,Norwich City,52,152,0.34210526315789475
2010/2011,8559,Bolton Wanderers,52,152,0.34210526315789475
2012/2013,8576,AC Ajaccio,39,114,0.34210526315789475
2015/2016,9826,Crystal Palace,39,114,0.34210526315789475
2013/2014,8633,Real Madrid CF,104,304,0.34210526315789475
2011/2012,8593,Ajax,93,272,0.34191176470588236
2010/2011,8024,Widzew Łódź,41,120,0.3416666666666667
2009/2010,8455,Chelsea,103,304,0.33881578947368424
2012/2013,8633,Real Madrid CF,103,304,0.33881578947368424
2014/2015,8640,PSV,92,272,0.3382352941176471
2014/2015,8348,Moreirense FC,33,98,0.336734693877551
2013/2014,9925,Celtic,102,304,0.3355263157894737
2013/2014,8456,Manchester City,102,304,0.3355263157894737
2015/2016,9910,RC Celta de Vigo,51,152,0.3355263157894737
2015/2016,9847,Paris Saint-Germain,102,304,0.3355263157894737
2009/2010,8633,Real Madrid CF,102,304,0.3355263157894737
2010/2011,8633,Real Madrid CF,102,304,0.3355263157894737
2008/2009,8031,Polonia Bytom,30,90,0.3333333333333333
2014/2015,8023,Pogoń Szczecin,40,120,0.3333333333333333
2008/2009,9888,Lecce,37,111,0.3333333333333333
2013/2014,8650,Liverpool,101,304,0.33223684210526316
2010/2011,10218,Excelsior,45,136,0.33088235294117646
2008/2009,9998,RAEC Mons,31,94,0.32978723404255317
2012/2013,7794,SC Bastia,50,152,0.32894736842105265
2013/2014,8634,FC Barcelona,100,304,0.32894736842105265
2013/2014,7842,Estoril Praia,42,128,0.328125
2014/2015,9880,Cesena,36,110,0.32727272727272727
2014/2015,8342,Club Brugge KV,69,212,0.32547169811320753
2012/2013,8635,RSC Anderlecht,69,212,0.32547169811320753
2013/2014,8576,AC Ajaccio,37,114,0.32456140350877194
2013/2014,10219,RKC Waalwijk,44,136,0.3235294117647059
2015/2016,8640,PSV,88,272,0.3235294117647059
2015/2016,7788,SC Cambuur,33,102,0.3235294117647059
2009/2010,8634,FC Barcelona,98,304,0.3223684210526316
2013/2014,9910,RC Celta de Vigo,49,152,0.3223684210526316
2008/2009,8696,Racing Santander,49,152,0.3223684210526316
2012/2013,8466,Southampton,49,152,0.3223684210526316
2012/2013,10281,Real Valladolid,49,152,0.3223684210526316
2009/2010,8031,Polonia Bytom,29,90,0.32222222222222224
2010/2011,8031,Polonia Bytom,29,90,0.32222222222222224
2011/2012,8640,PSV,87,272,0.31985294117647056
2015/2016,9768,Sporting CP,79,248,0.3185483870967742
2009/2010,9839,VVV-Venlo,43,136,0.3161764705882353
2011/2012,8655,Blackburn Rovers,48,152,0.3157894736842105
2008/2009,9855,Grenoble Foot 38,24,76,0.3157894736842105
2010/2011,8521,Stade Brestois 29,36,114,0.3157894736842105
2009/2010,9931,FC Basel,90,286,0.3146853146853147
2009/2010,9772,SL Benfica,78,248,0.31451612903225806
2015/2016,7842,Estoril Praia,40,128,0.3125
2014/2015,8475,Waasland-Beveren,30,96,0.3125
2010/2011,8634,FC Barcelona,95,304,0.3125
2012/2013,8342,Club Brugge KV,66,212,0.3113207547169811
2008/2009,9985,Standard de Liège,66,212,0.3113207547169811
2009/2010,8322,Arka Gdynia,28,90,0.3111111111111111
2009/2010,8661,RCD Mallorca,59,190,0.3105263157894737
2012/2013,9772,SL Benfica,77,248,0.31048387096774194
2014/2015,9837,Stade de Reims,47,152,0.3092105263157895
2014/2015,9910,RC Celta de Vigo,47,152,0.3092105263157895
2012/2013,8649,Ross County FC,47,152,0.3092105263157895
2012/2013,6413,PEC Zwolle,42,136,0.3088235294117647
2011/2012,9839,VVV-Venlo,42,136,0.3088235294117647
2015/2016,9931,FC Basel,88,286,0.3076923076923077
2008/2009,9991,KAA Gent,67,218,0.3073394495412844
2010/2011,8588,RC Lens,35,114,0.30701754385964913
2012/2013,8560,Real Sociedad,70,228,0.30701754385964913
2012/2013,8348,Moreirense FC,30,98,0.30612244897959184
2011/2012,8456,Manchester City,93,304,0.3059210526315789
2015/2016,9925,Celtic,93,304,0.3059210526315789
2013/2014,9804,Torino,58,190,0.30526315789473685
2012/2013,8593,Ajax,83,272,0.30514705882352944
2011/2012,8583,AJ Auxerre,46,152,0.3026315789473684
2011/2012,8559,Bolton Wanderers,46,152,0.3026315789473684
2010/2011,8655,Blackburn Rovers,46,152,0.3026315789473684
2012/2013,4087,Évian Thonon Gaillard FC,46,152,0.3026315789473684
2009/2010,8394,Real Zaragoza,46,152,0.3026315789473684
2014/2015,8649,Ross County FC,46,152,0.3026315789473684
2012/2013,9925,Celtic,92,304,0.3026315789473684
2008/2009,10281,Real Valladolid,46,152,0.3026315789473684
2015/2016,8342,Club Brugge KV,64,212,0.3018867924528302
2012/2013,7730,FC Lausanne-Sports,32,106,0.3018867924528302
2010/2011,9987,KRC Genk,64,212,0.3018867924528302
2011/2012,8611,FC Twente,82,272,0.3014705882352941
2015/2016,9789,Borussia Dortmund,82,272,0.3014705882352941
2012/2013,8603,Real Betis Balompié,57,190,0.3
2008/2009,8322,Arka Gdynia,27,90,0.3
2015/2016,8023,Pogoń Szczecin,36,120,0.3
2012/2013,2183,P. Warszawa,45,150,0.3
2014/2015,9773,FC Porto,74,248,0.29838709677419356
2015/2016,9876,Hellas Verona,34,114,0.2982456140350877
2013/2014,9747,En Avant de Guingamp,34,114,0.2982456140350877
2015/2016,8593,Ajax,81,272,0.2977941176470588
2012/2013,9789,Borussia Dortmund,81,272,0.2977941176470588
2010/2011,9823,FC Bayern Munich,81,272,0.2977941176470588
2008/2009,10192,BSC Young Boys,85,286,0.2972027972027972
2012/2013,9987,KRC Genk,63,212,0.2971698113207547
2014/2015,7842,Estoril Praia,38,128,0.296875
2009/2010,9997,Sint-Truidense VV,35,118,0.2966101694915254
2010/2011,8583,AJ Auxerre,45,152,0.29605263157894735
2011/2012,9993,Beerschot AC,45,152,0.29605263157894735
2010/2011,9773,FC Porto,73,248,0.29435483870967744
2013/2014,9789,Borussia Dortmund,80,272,0.29411764705882354
2015/2016,9823,FC Bayern Munich,80,272,0.29411764705882354
2008/2009,8721,VfL Wolfsburg,80,272,0.29411764705882354
2011/2012,10219,RKC Waalwijk,40,136,0.29411764705882354
2011/2012,9789,Borussia Dortmund,80,272,0.29411764705882354
2014/2015,9823,FC Bayern Munich,80,272,0.29411764705882354
2014/2015,9931,FC Basel,84,286,0.2937062937062937
2011/2012,10260,Manchester United,89,304,0.29276315789473684
2009/2010,8635,RSC Anderlecht,62,212,0.29245283018867924
2012/2013,8475,Waasland-Beveren,28,96,0.2916666666666667
2010/2011,8640,PSV,79,272,0.29044117647058826
2011/2012,10228,SC Heerenveen,79,272,0.29044117647058826
2015/2016,9837,Stade de Reims,44,152,0.2894736842105263
2013/2014,8649,Ross County FC,44,152,0.2894736842105263
2008/2009,9993,Beerschot AC,44,152,0.2894736842105263
2013/2014,9826,Crystal Palace,33,114,0.2894736842105263
2013/2014,9837,Stade de Reims,44,152,0.2894736842105263
2011/2012,9991,KAA Gent,63,218,0.2889908256880734
2011/2012,10211,SC Beira Mar,26,90,0.28888888888888886
2010/2011,9809,Naval 1° de Maio,26,90,0.28888888888888886
2011/2012,8635,RSC Anderlecht,61,212,0.28773584905660377
2012/2013,10219,RKC Waalwijk,39,136,0.2867647058823529
2015/2016,8526,De Graafschap,39,136,0.2867647058823529
2013/2014,158085,FC Arouca,28,98,0.2857142857142857
2014/2015,7819,SM Caen,54,190,0.28421052631578947
2013/2014,10003,Swansea City,54,190,0.28421052631578947
2011/2012,9823,FC Bayern Munich,77,272,0.28308823529411764
2011/2012,9987,KRC Genk,60,212,0.2830188679245283
2010/2011,8342,Club Brugge KV,60,212,0.2830188679245283
2012/2013,10260,Manchester United,86,304,0.28289473684210525
2009/2010,10260,Manchester United,86,304,0.28289473684210525
2012/2013,9773,FC Porto,70,248,0.28225806451612906
2009/2010,9773,FC Porto,70,248,0.28225806451612906
2012/2013,8521,Stade Brestois 29,32,114,0.2807017543859649
2014/2015,8588,RC Lens,32,114,0.2807017543859649
2009/2010,8602,Wolverhampton Wanderers,32,114,0.2807017543859649
2008/2009,10243,FC Zürich,80,286,0.27972027972027974
2010/2011,9925,Celtic,85,304,0.27960526315789475
2013/2014,10235,Feyenoord,76,272,0.27941176470588236
2008/2009,8661,RCD Mallorca,53,190,0.2789473684210526
2011/2012,8370,Rayo Vallecano,53,190,0.2789473684210526
2015/2016,9807,CF Os Belenenses,44,158,0.27848101265822783
2008/2009,8342,Club Brugge KV,59,212,0.2783018867924528
2011/2012,9773,FC Porto,69,248,0.2782258064516129
2010/2011,9771,"União de Leiria, SAD",25,90,0.2777777777777778
2008/2009,9809,Naval 1° de Maio,25,90,0.2777777777777778
2011/2012,9771,"União de Leiria, SAD",25,90,0.2777777777777778
2010/2011,8165,1. FC Nürnberg,47,170,0.27647058823529413
2013/2014,8406,FC Augsburg,47,170,0.27647058823529413
2009/2010,8559,Bolton Wanderers,42,152,0.27631578947368424
2013/2014,9847,Paris Saint-Germain,84,304,0.27631578947368424
2013/2014,9829,AS Monaco,63,228,0.27631578947368424
2011/2012,9925,Celtic,84,304,0.27631578947368424
2013/2014,7794,SC Bastia,42,152,0.27631578947368424
2014/2015,9925,Celtic,84,304,0.27631578947368424
2009/2010,8583,AJ Auxerre,42,152,0.27631578947368424
2009/2010,8696,Racing Santander,42,152,0.27631578947368424
2015/2016,8686,Roma,83,303,0.2739273927392739
2015/2016,8370,Rayo Vallecano,52,190,0.2736842105263158
2015/2016,9804,Torino,52,190,0.2736842105263158
2011/2012,7730,FC Lausanne-Sports,29,106,0.27358490566037735
2010/2011,8635,RSC Anderlecht,58,212,0.27358490566037735
2010/2011,2183,P. Warszawa,41,150,0.2733333333333333
2010/2011,9803,Roda JC Kerkrade,65,238,0.27310924369747897
2008/2009,8633,Real Madrid CF,83,304,0.2730263157894737
2014/2015,8456,Manchester City,83,304,0.2730263157894737
2014/2015,9847,Paris Saint-Germain,83,304,0.2730263157894737
2009/2010,9825,Arsenal,83,304,0.2730263157894737
2011/2012,9931,FC Basel,78,286,0.2727272727272727
2009/2010,10192,BSC Young Boys,78,286,0.2727272727272727
2015/2016,10192,BSC Young Boys,78,286,0.2727272727272727
2015/2016,8028,Piast Gliwice,49,180,0.2722222222222222
2011/2012,10189,FC Schalke 04,74,272,0.27205882352941174
2008/2009,8593,Ajax,74,272,0.27205882352941174
2013/2014,8560,Real Sociedad,62,228,0.2719298245614035
2011/2012,8521,Stade Brestois 29,31,114,0.2719298245614035
2015/2016,2186,Cracovia,57,210,0.2714285714285714
2011/2012,9997,Sint-Truidense VV,32,118,0.2711864406779661
2010/2011,9991,KAA Gent,59,218,0.2706422018348624
2015/2016,9773,FC Porto,67,248,0.2701612903225806
2014/2015,9768,Sporting CP,67,248,0.2701612903225806
2008/2009,8559,Bolton Wanderers,41,152,0.26973684210526316
2010/2011,8696,Racing Santander,41,152,0.26973684210526316
2009/2010,8655,Blackburn Rovers,41,152,0.26973684210526316
2014/2015,4087,Évian Thonon Gaillard FC,41,152,0.26973684210526316
2012/2013,9850,Norwich City,41,152,0.26973684210526316
2008/2009,8603,Real Betis Balompié,51,190,0.26842105263157895
2014/2015,8033,Podbeskidzie Bielsko-Biała,40,150,0.26666666666666666
2009/2010,8551,Siena,40,150,0.26666666666666666
2011/2012,8551,Siena,40,150,0.26666666666666666
2008/2009,2183,P. Warszawa,40,150,0.26666666666666666
2013/2014,10191,FC Thun,57,214,0.26635514018691586
2011/2012,9772,SL Benfica,66,248,0.2661290322580645
2015/2016,9875,Napoli,80,301,0.26578073089701
2013/2014,9885,Juventus,80,301,0.26578073089701
2010/2011,9931,FC Basel,76,286,0.26573426573426573
2014/2015,158085,FC Arouca,26,98,0.2653061224489796
2009/2010,8640,PSV,72,272,0.2647058823529412
2011/2012,8526,De Graafschap,36,136,0.2647058823529412
2013/2014,8611,FC Twente,72,272,0.2647058823529412
2013/2014,10228,SC Heerenveen,72,272,0.2647058823529412
2013/2014,8226,TSG 1899 Hoffenheim,72,272,0.2647058823529412
2014/2015,8721,VfL Wolfsburg,72,272,0.2647058823529412
2009/2010,9823,FC Bayern Munich,72,272,0.2647058823529412
2010/2011,8593,Ajax,72,272,0.2647058823529412
2014/2015,10190,FC St. Gallen,57,216,0.2638888888888889
2008/2009,9984,KSV Cercle Brugge,48,182,0.26373626373626374
2012/2013,8370,Rayo Vallecano,50,190,0.2631578947368421
2008/2009,9906,Atlético Madrid,80,304,0.2631578947368421
2010/2011,9874,FC Sochaux-Montbéliard,60,228,0.2631578947368421
2008/2009,9925,Celtic,80,304,0.2631578947368421
2014/2015,8429,Hamilton Academical FC,50,190,0.2631578947368421
2013/2014,9830,FC Nantes,40,152,0.2631578947368421
2008/2009,8655,Blackburn Rovers,40,152,0.2631578947368421
2010/2011,8394,Real Zaragoza,40,152,0.2631578947368421
2012/2013,10172,Queens Park Rangers,30,114,0.2631578947368421
2008/2009,8640,PSV,71,272,0.2610294117647059
2008/2009,9823,FC Bayern Munich,71,272,0.2610294117647059
2009/2010,8697,SV Werder Bremen,71,272,0.2610294117647059
2012/2013,8033,Podbeskidzie Bielsko-Biała,39,150,0.26
2008/2009,10000,SV Zulte-Waregem,55,212,0.25943396226415094
2014/2015,9824,FC Vaduz,28,108,0.25925925925925924
2008/2009,9824,FC Vaduz,28,108,0.25925925925925924
2010/2011,10243,FC Zürich,74,286,0.25874125874125875
2011/2012,10235,Feyenoord,70,272,0.25735294117647056
2015/2016,10229,AZ,70,272,0.25735294117647056
2015/2016,9991,KAA Gent,56,218,0.25688073394495414
2013/2014,10167,Parma,58,226,0.25663716814159293
2008/2009,8667,Hull City,39,152,0.2565789473684211
2010/2011,10260,Manchester United,78,304,0.2565789473684211
2015/2016,9850,Norwich City,39,152,0.2565789473684211
2013/2014,4087,Évian Thonon Gaillard FC,39,152,0.2565789473684211
2013/2014,9875,Napoli,77,301,0.2558139534883721
2011/2012,10249,Montpellier Hérault SC,68,266,0.2556390977443609
2014/2015,8571,KV Kortrijk,54,212,0.25471698113207547
2012/2013,9985,Standard de Liège,54,212,0.25471698113207547
2009/2010,10251,Hibernian,58,228,0.2543859649122807
2013/2014,8593,Ajax,69,272,0.2536764705882353
2014/2015,8593,Ajax,69,272,0.2536764705882353
2013/2014,9906,Atlético Madrid,77,304,0.2532894736842105
2008/2009,8650,Liverpool,77,304,0.2532894736842105
2014/2015,8406,FC Augsburg,43,170,0.2529411764705882
2014/2015,9804,Torino,48,190,0.25263157894736843
2008/2009,9931,FC Basel,72,286,0.2517482517482518
2014/2015,8592,Olympique de Marseille,76,304,0.25
2015/2016,9829,AS Monaco,57,228,0.25
2013/2014,8667,Hull City,38,152,0.25
2013/2014,10281,Real Valladolid,38,152,0.25
2012/2013,8024,Widzew Łódź,30,120,0.25
2013/2014,8673,Legia Warszawa,60,240,0.25
2010/2011,9839,VVV-Venlo,34,136,0.25
2012/2013,8277,Vitesse,68,272,0.25
2012/2013,9764,Gil Vicente FC,31,124,0.25
2011/2012,9764,Gil Vicente FC,31,124,0.25
2012/2013,10190,FC St. Gallen,54,216,0.25
2012/2013,9994,Sporting Lokeren,53,212,0.25
2015/2016,10218,Excelsior,34,136,0.25
2015/2016,9885,Juventus,75,301,0.24916943521594684
2009/2010,8636,Inter,75,303,0.24752475247524752
2011/2012,8603,Real Betis Balompié,47,190,0.24736842105263157
2008/2009,9869,Real Sporting de Gijón,47,190,0.24736842105263157
2012/2013,8528,Wigan Athletic,47,190,0.24736842105263157
2012/2013,10003,Swansea City,47,190,0.24736842105263157
2009/2010,9984,KSV Cercle Brugge,45,182,0.24725274725274726
2015/2016,8406,FC Augsburg,42,170,0.24705882352941178
2012/2013,8455,Chelsea,75,304,0.24671052631578946
2009/2010,9925,Celtic,75,304,0.24671052631578946
2011/2012,9847,Paris Saint-Germain,75,304,0.24671052631578946
2015/2016,8033,Podbeskidzie Bielsko-Biała,37,150,0.24666666666666667
2015/2016,9788,Borussia Mönchengladbach,67,272,0.24632352941176472
2010/2011,9789,Borussia Dortmund,67,272,0.24632352941176472
2008/2009,9773,FC Porto,61,248,0.24596774193548387
2010/2011,9772,SL Benfica,61,248,0.24596774193548387
2012/2013,8673,Legia Warszawa,59,240,0.24583333333333332
2012/2013,8284,Dundee FC,28,114,0.24561403508771928
2009/2010,10190,FC St. Gallen,53,216,0.24537037037037038
2009/2010,8342,Club Brugge KV,52,212,0.24528301886792453
2013/2014,9931,FC Basel,70,286,0.24475524475524477
2010/2011,8322,Arka Gdynia,22,90,0.24444444444444444
2015/2016,8654,West Ham United,65,266,0.24436090225563908
2012/2013,8394,Real Zaragoza,37,152,0.24342105263157895
2014/2015,7794,SC Bastia,37,152,0.24342105263157895
2012/2013,9910,RC Celta de Vigo,37,152,0.24342105263157895
2011/2012,9825,Arsenal,74,304,0.24342105263157895
2009/2010,10281,Real Valladolid,37,152,0.24342105263157895
2008/2009,9930,FC Aarau,35,144,0.24305555555555555
2008/2009,10228,SC Heerenveen,66,272,0.2426470588235294
2008/2009,10229,AZ,66,272,0.2426470588235294
2014/2015,8277,Vitesse,66,272,0.2426470588235294
2012/2013,9839,VVV-Venlo,33,136,0.2426470588235294
2012/2013,9875,Napoli,73,301,0.2425249169435216
2013/2014,8370,Rayo Vallecano,46,190,0.24210526315789474
2012/2013,9804,Torino,46,190,0.24210526315789474
2015/2016,7878,Granada CF,46,190,0.24210526315789474
2009/2010,8481,AS Nancy-Lorraine,46,190,0.24210526315789474
2014/2015,10003,Swansea City,46,190,0.24210526315789474
2010/2011,7819,SM Caen,46,190,0.24210526315789474
2014/2015,8370,Rayo Vallecano,46,190,0.24210526315789474
2012/2013,10264,SC Braga,60,248,0.24193548387096775
2014/2015,9986,Sporting Charleroi,44,182,0.24175824175824176
2015/2016,8673,Legia Warszawa,58,240,0.24166666666666667
2012/2013,8023,Pogoń Szczecin,29,120,0.24166666666666667
2012/2013,8066,Inverness Caledonian Thistle,64,266,0.24060150375939848
2011/2012,8342,Club Brugge KV,51,212,0.24056603773584906
2014/2015,8635,RSC Anderlecht,51,212,0.24056603773584906
2015/2016,8635,RSC Anderlecht,51,212,0.24056603773584906
2015/2016,10000,SV Zulte-Waregem,51,212,0.24056603773584906
2014/2015,8455,Chelsea,73,304,0.24013157894736842
2009/2010,8456,Manchester City,73,304,0.24013157894736842
2012/2013,8551,Siena,36,150,0.24
2011/2012,2033,S.C. Olhanense,36,150,0.24
2012/2013,8535,Fiorentina,72,300,0.24
2010/2011,8464,N.E.C.,57,238,0.23949579831932774
2014/2015,9885,Juventus,72,301,0.23920265780730898
2009/2010,8178,Bayer 04 Leverkusen,65,272,0.23897058823529413
2013/2014,8277,Vitesse,65,272,0.23897058823529413
2012/2013,8178,Bayer 04 Leverkusen,65,272,0.23897058823529413
2010/2011,8611,FC Twente,65,272,0.23897058823529413
2010/2011,9791,Heracles Almelo,65,272,0.23897058823529413
2010/2011,8674,FC Groningen,65,272,0.23897058823529413
2014/2015,9991,KAA Gent,52,218,0.23853211009174313
2014/2015,9989,Lierse SK,30,126,0.23809523809523808
2011/2012,10264,SC Braga,59,248,0.23790322580645162
2011/2012,8564,Milan,72,303,0.2376237623762376
2013/2014,8686,Roma,72,303,0.2376237623762376
2014/2015,8673,Legia Warszawa,57,240,0.2375
2015/2016,9997,Sint-Truidense VV,28,118,0.23728813559322035
2009/2010,8639,LOSC Lille,72,304,0.23684210526315788
2014/2015,9748,Olympique Lyonnais,72,304,0.23684210526315788
2008/2009,9865,UD Almería,45,190,0.23684210526315788
2012/2013,9825,Arsenal,72,304,0.23684210526315788
2011/2012,8639,LOSC Lille,72,304,0.23684210526315788
2015/2016,7794,SC Bastia,36,152,0.23684210526315788
2011/2012,8581,Levante UD,54,228,0.23684210526315788
2011/2012,8394,Real Zaragoza,36,152,0.23684210526315788
2010/2011,9825,Arsenal,72,304,0.23684210526315788
2008/2009,9986,Sporting Charleroi,43,182,0.23626373626373626
2012/2013,9885,Juventus,71,301,0.23588039867109634
2010/2011,9985,Standard de Liège,50,212,0.2358490566037736
2011/2012,10229,AZ,64,272,0.23529411764705882
2014/2015,9810,Eintracht Frankfurt,56,238,0.23529411764705882
2009/2010,10229,AZ,64,272,0.23529411764705882
2009/2010,9803,Roda JC Kerkrade,56,238,0.23529411764705882
2010/2011,8178,Bayer 04 Leverkusen,64,272,0.23529411764705882
2012/2013,10235,Feyenoord,64,272,0.23529411764705882
2009/2010,8721,VfL Wolfsburg,64,272,0.23529411764705882
2008/2009,8697,SV Werder Bremen,64,272,0.23529411764705882
2008/2009,8177,Hertha BSC Berlin,48,204,0.23529411764705882
2012/2013,8686,Roma,71,303,0.23432343234323433
2013/2014,9956,Grasshopper Club Zürich,67,286,0.23426573426573427
2013/2014,9772,SL Benfica,58,248,0.23387096774193547
2012/2013,8650,Liverpool,71,304,0.23355263157894737
2015/2016,8456,Manchester City,71,304,0.23355263157894737
2014/2015,9825,Arsenal,71,304,0.23355263157894737
2014/2015,8302,Sevilla FC,71,304,0.23355263157894737
2013/2014,8455,Chelsea,71,304,0.23355263157894737
2013/2014,2182,Lech Poznań,56,240,0.23333333333333334
2010/2011,10217,ADO Den Haag,63,272,0.23161764705882354
2011/2012,10269,VfB Stuttgart,63,272,0.23161764705882354
2013/2014,10189,FC Schalke 04,63,272,0.23161764705882354
2014/2015,10229,AZ,63,272,0.23161764705882354
2008/2009,8226,TSG 1899 Hoffenheim,63,272,0.23161764705882354
2013/2014,8721,VfL Wolfsburg,63,272,0.23161764705882354
2008/2009,10269,VfB Stuttgart,63,272,0.23161764705882354
2009/2010,8611,FC Twente,63,272,0.23161764705882354
2011/2012,10003,Swansea City,44,190,0.23157894736842105
2012/2013,10000,SV Zulte-Waregem,49,212,0.23113207547169812
2014/2015,9985,Standard de Liège,49,212,0.23113207547169812
2011/2012,9803,Roda JC Kerkrade,55,238,0.23109243697478993
2008/2009,8564,Milan,70,303,0.23102310231023102
2008/2009,8636,Inter,70,303,0.23102310231023102
2014/2015,10001,KVC Westerlo,42,182,0.23076923076923078
2009/2010,10199,FC Luzern,66,286,0.23076923076923078
2008/2009,10001,KVC Westerlo,42,182,0.23076923076923078
2010/2011,8722,1. FC Köln,47,204,0.23039215686274508
2008/2009,8583,AJ Auxerre,35,152,0.23026315789473684
2014/2015,10267,Valencia CF,70,304,0.23026315789473684
2013/2014,9773,FC Porto,57,248,0.22983870967741934
2012/2013,8165,1. FC Nürnberg,39,170,0.22941176470588234
2008/2009,10205,Villarreal CF,61,266,0.22932330827067668
2008/2009,9885,Juventus,69,301,0.2292358803986711
2010/2011,8526,De Graafschap,31,136,0.22794117647058823
2015/2016,10235,Feyenoord,62,272,0.22794117647058823
2014/2015,8178,Bayer 04 Leverkusen,62,272,0.22794117647058823
2008/2009,8611,FC Twente,62,272,0.22794117647058823
2012/2013,8028,Piast Gliwice,41,180,0.22777777777777777
2015/2016,8021,Zagłębie Lubin,41,180,0.22777777777777777
2010/2011,8636,Inter,69,303,0.22772277227722773
2009/2010,9956,Grasshopper Club Zürich,65,286,0.22727272727272727
2015/2016,9956,Grasshopper Club Zürich,65,286,0.22727272727272727
2010/2011,10192,BSC Young Boys,65,286,0.22727272727272727
2010/2011,8455,Chelsea,69,304,0.22697368421052633
2012/2013,9847,Paris Saint-Germain,69,304,0.22697368421052633
2013/2014,8302,Sevilla FC,69,304,0.22697368421052633
2009/2010,8592,Olympique de Marseille,69,304,0.22697368421052633
2015/2016,8586,Tottenham Hotspur,69,304,0.22697368421052633
2013/2014,8464,N.E.C.,54,238,0.226890756302521
2008/2009,9987,KRC Genk,48,212,0.22641509433962265
2011/2012,9994,Sporting Lokeren,48,212,0.22641509433962265
2015/2016,8203,KV Mechelen,48,212,0.22641509433962265
2010/2011,8481,AS Nancy-Lorraine,43,190,0.22631578947368422
2012/2013,8661,RCD Mallorca,43,190,0.22631578947368422
2013/2014,9865,UD Almería,43,190,0.22631578947368422
2009/2010,9865,UD Almería,43,190,0.22631578947368422
2014/2015,9875,Napoli,68,301,0.22591362126245848
2011/2012,10167,Parma,51,226,0.22566371681415928
2013/2014,10205,Villarreal CF,60,266,0.22556390977443608
2014/2015,8525,Willem II,46,204,0.22549019607843138
2010/2011,10001,KVC Westerlo,41,182,0.22527472527472528
2009/2010,9991,KAA Gent,49,218,0.22477064220183487
2009/2010,8686,Roma,68,303,0.22442244224422442
2010/2011,10191,FC Thun,48,214,0.22429906542056074
2014/2015,10192,BSC Young Boys,64,286,0.22377622377622378
2008/2009,10267,Valencia CF,68,304,0.2236842105263158
2013/2014,9825,Arsenal,68,304,0.2236842105263158
2010/2011,8639,LOSC Lille,68,304,0.2236842105263158
2009/2010,8667,Hull City,34,152,0.2236842105263158
2014/2015,9829,AS Monaco,51,228,0.2236842105263158
2008/2009,10260,Manchester United,68,304,0.2236842105263158
2008/2009,9825,Arsenal,68,304,0.2236842105263158
2008/2009,8455,Chelsea,68,304,0.2236842105263158
2011/2012,8165,1. FC Nürnberg,38,170,0.2235294117647059
2012/2013,8530,Catania,50,224,0.22321428571428573
2014/2015,8543,Lazio,67,301,0.22259136212624583
2009/2010,9930,FC Aarau,32,144,0.2222222222222222
2009/2010,9809,Naval 1° de Maio,20,90,0.2222222222222222
2012/2013,9989,Lierse SK,28,126,0.2222222222222222
2008/2009,8569,GKS Bełchatów,40,180,0.2222222222222222
2009/2010,8540,Palermo,59,266,0.22180451127819548
2015/2016,9860,Heart of Midlothian,59,266,0.22180451127819548
2014/2015,10264,SC Braga,55,248,0.2217741935483871
2012/2013,8564,Milan,67,303,0.22112211221122113
2011/2012,9869,Real Sporting de Gijón,42,190,0.22105263157894736
2015/2016,10003,Swansea City,42,190,0.22105263157894736
2008/2009,7819,SM Caen,42,190,0.22105263157894736
2015/2016,8429,Hamilton Academical FC,42,190,0.22105263157894736
2011/2012,8661,RCD Mallorca,42,190,0.22105263157894736
2011/2012,8528,Wigan Athletic,42,190,0.22105263157894736
2008/2009,10265,Wisła Kraków,53,240,0.22083333333333333
2012/2013,8358,SC Freiburg,45,204,0.22058823529411764
2010/2011,10228,SC Heerenveen,60,272,0.22058823529411764
2012/2013,9904,Hannover 96,60,272,0.22058823529411764
2014/2015,9908,FC Utrecht,60,272,0.22058823529411764
2010/2011,10269,VfB Stuttgart,60,272,0.22058823529411764
2008/2009,9789,Borussia Dortmund,60,272,0.22058823529411764
2009/2010,10219,RKC Waalwijk,30,136,0.22058823529411764
2011/2012,8358,SC Freiburg,45,204,0.22058823529411764
2013/2014,8178,Bayer 04 Leverkusen,60,272,0.22058823529411764
2013/2014,8640,PSV,60,272,0.22058823529411764
2012/2013,8611,FC Twente,60,272,0.22058823529411764
2009/2010,8586,Tottenham Hotspur,67,304,0.22039473684210525
2012/2013,9927,Motherwell,67,304,0.22039473684210525
2015/2016,9748,Olympique Lyonnais,67,304,0.22039473684210525
2008/2009,8592,Olympique de Marseille,67,304,0.22039473684210525
2012/2013,10267,Valencia CF,67,304,0.22039473684210525
2014/2015,9906,Atlético Madrid,67,304,0.22039473684210525
2009/2010,10179,FC Sion,63,286,0.2202797202797203
2011/2012,2183,P. Warszawa,33,150,0.22
2008/2009,8551,Siena,33,150,0.22
2014/2015,10191,FC Thun,47,214,0.21962616822429906
2012/2013,9879,Fulham,50,228,0.21929824561403508
2009/2010,9873,Valenciennes FC,50,228,0.21929824561403508
2013/2014,9905,1. FSV Mainz 05,52,238,0.2184873949579832
2010/2011,9905,1. FSV Mainz 05,52,238,0.2184873949579832
2011/2012,9880,Cesena,24,110,0.21818181818181817
2009/2010,10205,Villarreal CF,58,266,0.21804511278195488
2015/2016,8467,St. Johnstone FC,58,266,0.21804511278195488
2010/2011,8540,Palermo,58,266,0.21804511278195488
2013/2014,9768,Sporting CP,54,248,0.21774193548387097
2008/2009,9772,SL Benfica,54,248,0.21774193548387097
2015/2016,10264,SC Braga,54,248,0.21774193548387097
2013/2014,8165,1. FC Nürnberg,37,170,0.21764705882352942
2015/2016,9830,FC Nantes,33,152,0.21710526315789475
2012/2013,8586,Tottenham Hotspur,66,304,0.21710526315789475
2011/2012,8586,Tottenham Hotspur,66,304,0.21710526315789475
2013/2014,8315,Athletic Club de Bilbao,66,304,0.21710526315789475
2008/2009,9830,FC Nantes,33,152,0.21710526315789475
2012/2013,8456,Manchester City,66,304,0.21710526315789475
2014/2015,8667,Hull City,33,152,0.21710526315789475
2012/2013,9837,Stade de Reims,33,152,0.21710526315789475
2008/2009,8203,KV Mechelen,46,212,0.2169811320754717
2013/2014,9788,Borussia Mönchengladbach,59,272,0.21691176470588236
2008/2009,8178,Bayer 04 Leverkusen,59,272,0.21691176470588236
2010/2011,10199,FC Luzern,62,286,0.21678321678321677
2012/2013,10243,FC Zürich,62,286,0.21678321678321677
2013/2014,8535,Fiorentina,65,300,0.21666666666666667
2013/2014,8024,Widzew Łódź,26,120,0.21666666666666667
2008/2009,8673,Legia Warszawa,52,240,0.21666666666666667
2014/2015,2182,Lech Poznań,52,240,0.21666666666666667
2010/2011,8661,RCD Mallorca,41,190,0.21578947368421053
2014/2015,9930,FC Aarau,31,144,0.2152777777777778
2010/2011,8600,Udinese,65,302,0.2152317880794702
2014/2015,9807,CF Os Belenenses,34,158,0.21518987341772153
2012/2013,10251,Hibernian,49,228,0.2149122807017544
2010/2011,9879,Fulham,49,228,0.2149122807017544
2010/2011,8560,Real Sociedad,49,228,0.2149122807017544
2012/2013,9873,Valenciennes FC,49,228,0.2149122807017544
2010/2011,8564,Milan,65,303,0.2145214521452145
2008/2009,8540,Palermo,57,266,0.21428571428571427
2009/2010,8467,St. Johnstone FC,57,266,0.21428571428571427
2012/2013,9803,Roda JC Kerkrade,51,238,0.21428571428571427
2011/2012,8455,Chelsea,65,304,0.2138157894736842
2009/2010,8302,Sevilla FC,65,304,0.2138157894736842
2013/2014,9938,Dundee United,65,304,0.2138157894736842
2015/2016,9825,Arsenal,65,304,0.2138157894736842
2012/2013,9906,Atlético Madrid,65,304,0.2138157894736842
2012/2013,9931,FC Basel,61,286,0.21328671328671328
2012/2013,9791,Heracles Almelo,58,272,0.21323529411764705
2012/2013,10189,FC Schalke 04,58,272,0.21323529411764705
2011/2012,9875,Napoli,64,301,0.21262458471760798
2011/2012,9885,Juventus,64,301,0.21262458471760798
2008/2009,2182,Lech Poznań,51,240,0.2125
2009/2010,2182,Lech Poznań,51,240,0.2125
2009/2010,8529,Cagliari,56,264,0.21212121212121213
2011/2012,8406,FC Augsburg,36,170,0.21176470588235294
2008/2009,8686,Roma,64,303,0.21122112211221122
2012/2013,8021,Zagłębie Lubin,38,180,0.2111111111111111
2014/2015,8028,Piast Gliwice,38,180,0.2111111111111111
2013/2014,8358,SC Freiburg,43,204,0.2107843137254902
2011/2012,9879,Fulham,48,228,0.21052631578947367
2013/2014,10260,Manchester United,64,304,0.21052631578947367
2015/2016,9869,Real Sporting de Gijón,40,190,0.21052631578947367
2008/2009,9783,RC Deportivo de La Coruña,48,228,0.21052631578947367
2011/2012,10261,Newcastle United,56,266,0.21052631578947367
2009/2010,9748,Olympique Lyonnais,64,304,0.21052631578947367
2010/2011,10267,Valencia CF,64,304,0.21052631578947367
2010/2011,10261,Newcastle United,56,266,0.21052631578947367
2011/2012,9748,Olympique Lyonnais,64,304,0.21052631578947367
2010/2011,8528,Wigan Athletic,40,190,0.21052631578947367
2010/2011,8659,West Bromwich Albion,56,266,0.21052631578947367
2008/2009,9827,Girondins de Bordeaux,64,304,0.21052631578947367
2013/2014,9927,Motherwell,64,304,0.21052631578947367
2015/2016,10191,FC Thun,45,214,0.2102803738317757
2013/2014,8674,FC Groningen,57,272,0.20955882352941177
2015/2016,9908,FC Utrecht,57,272,0.20955882352941177
2011/2012,8024,Widzew Łódź,25,120,0.20833333333333334
2012/2013,8203,KV Mechelen,44,212,0.20754716981132076
2015/2016,8650,Liverpool,63,304,0.20723684210526316
2015/2016,9906,Atlético Madrid,63,304,0.20723684210526316
2009/2010,2033,S.C. Olhanense,31,150,0.20666666666666667
2010/2011,9989,Lierse SK,26,126,0.20634920634920634
2013/2014,10192,BSC Young Boys,59,286,0.2062937062937063
2015/2016,10199,FC Luzern,59,286,0.2062937062937063
2012/2013,9783,RC Deportivo de La Coruña,47,228,0.20614035087719298
2015/2016,8177,Hertha BSC Berlin,42,204,0.20588235294117646
2012/2013,9810,Eintracht Frankfurt,49,238,0.20588235294117646
2009/2010,9790,Hamburger SV,56,272,0.20588235294117646
2011/2012,10218,Excelsior,28,136,0.20588235294117646
2014/2015,10235,Feyenoord,56,272,0.20588235294117646
2012/2013,10229,AZ,56,272,0.20588235294117646
2014/2015,8611,FC Twente,56,272,0.20588235294117646
2015/2016,8178,Bayer 04 Leverkusen,56,272,0.20588235294117646
2012/2013,10191,FC Thun,44,214,0.205607476635514
2009/2010,8569,GKS Bełchatów,37,180,0.20555555555555555
2014/2015,10233,Genoa,62,302,0.2052980132450331
2015/2016,7819,SM Caen,39,190,0.20526315789473684
2011/2012,7819,SM Caen,39,190,0.20526315789473684
2009/2010,8429,Hamilton Academical FC,39,190,0.20526315789473684
2014/2015,8020,Polonia Bytom,43,210,0.20476190476190476
2013/2014,8636,Inter,62,303,0.20462046204620463
2015/2016,8485,Aberdeen,62,304,0.20394736842105263
2010/2011,8302,Sevilla FC,62,304,0.20394736842105263
2014/2015,10260,Manchester United,62,304,0.20394736842105263
2010/2011,8592,Olympique de Marseille,62,304,0.20394736842105263
2010/2011,9906,Atlético Madrid,62,304,0.20394736842105263
2011/2012,9938,Dundee United,62,304,0.20394736842105263
2012/2013,9993,Beerschot AC,31,152,0.20394736842105263
2009/2010,10167,Parma,46,226,0.20353982300884957
2014/2015,8535,Fiorentina,61,300,0.20333333333333334
2010/2011,10205,Villarreal CF,54,266,0.20300751879699247
2015/2016,8066,Inverness Caledonian Thistle,54,266,0.20300751879699247
2012/2013,10249,Montpellier Hérault SC,54,266,0.20300751879699247
2011/2012,9985,Standard de Liège,43,212,0.2028301886792453
2010/2011,9994,Sporting Lokeren,43,212,0.2028301886792453
2015/2016,8277,Vitesse,55,272,0.20220588235294118
2012/2013,9908,FC Utrecht,55,272,0.20220588235294118
2010/2011,9908,FC Utrecht,55,272,0.20220588235294118
2010/2011,10229,AZ,55,272,0.20220588235294118
2011/2012,9908,FC Utrecht,55,272,0.20220588235294118
2008/2009,8600,Udinese,61,302,0.20198675496688742
2011/2012,8560,Real Sociedad,46,228,0.20175438596491227
2014/2015,9764,Gil Vicente FC,25,124,0.20161290322580644
2014/2015,7844,Vitória Guimarães,50,248,0.20161290322580644
2010/2011,8358,SC Freiburg,41,204,0.20098039215686275
2010/2011,9748,Olympique Lyonnais,61,304,0.20065789473684212
2013/2014,8668,Everton,61,304,0.20065789473684212
2012/2013,9748,Olympique Lyonnais,61,304,0.20065789473684212
2009/2010,8650,Liverpool,61,304,0.20065789473684212
2012/2013,8481,AS Nancy-Lorraine,38,190,0.2
2009/2010,10265,Wisła Kraków,48,240,0.2
2011/2012,8021,Zagłębie Lubin,36,180,0.2
2011/2012,8481,AS Nancy-Lorraine,38,190,0.2
2015/2016,8535,Fiorentina,60,300,0.2
2008/2009,8481,AS Nancy-Lorraine,38,190,0.2
2013/2014,8020,Polonia Bytom,42,210,0.2
2008/2009,9956,Grasshopper Club Zürich,57,286,0.1993006993006993
2012/2013,8659,West Bromwich Albion,53,266,0.19924812030075187
2014/2015,8540,Palermo,53,266,0.19924812030075187
2010/2011,9860,Heart of Midlothian,53,266,0.19924812030075187
2012/2013,10167,Parma,45,226,0.19911504424778761
2013/2014,10229,AZ,54,272,0.19852941176470587
2009/2010,9789,Borussia Dortmund,54,272,0.19852941176470587
2009/2010,9791,Heracles Almelo,54,272,0.19852941176470587
2008/2009,10235,Feyenoord,54,272,0.19852941176470587
2009/2010,10235,Feyenoord,54,272,0.19852941176470587
2015/2016,9987,KRC Genk,42,212,0.19811320754716982
2009/2010,8564,Milan,60,303,0.19801980198019803
2011/2012,9984,KSV Cercle Brugge,36,182,0.1978021978021978
2015/2016,9986,Sporting Charleroi,36,182,0.1978021978021978
2011/2012,9905,1. FSV Mainz 05,47,238,0.19747899159663865
2009/2010,9810,Eintracht Frankfurt,47,238,0.19747899159663865
2015/2016,9783,RC Deportivo de La Coruña,45,228,0.19736842105263158
2015/2016,8560,Real Sociedad,45,228,0.19736842105263158
2010/2011,8371,CA Osasuna,45,228,0.19736842105263158
2010/2011,8456,Manchester City,60,304,0.19736842105263158
2009/2010,8668,Everton,60,304,0.19736842105263158
2009/2010,9993,Beerschot AC,30,152,0.19736842105263158
2012/2013,9853,AS Saint-Étienne,60,304,0.19736842105263158
2010/2011,9873,Valenciennes FC,45,228,0.19736842105263158
2009/2010,8530,Catania,44,224,0.19642857142857142
2013/2014,8177,Hertha BSC Berlin,40,204,0.19607843137254902
2010/2011,9875,Napoli,59,301,0.19601328903654486
2011/2012,8025,Śląsk Wrocław,47,240,0.19583333333333333
2014/2015,10265,Wisła Kraków,47,240,0.19583333333333333
2010/2011,8066,Inverness Caledonian Thistle,52,266,0.19548872180451127
2014/2015,8066,Inverness Caledonian Thistle,52,266,0.19548872180451127
2011/2012,8540,Palermo,52,266,0.19548872180451127
2012/2013,8600,Udinese,59,302,0.19536423841059603
2014/2015,9788,Borussia Mönchengladbach,53,272,0.1948529411764706
2009/2010,10189,FC Schalke 04,53,272,0.1948529411764706
2008/2009,8674,FC Groningen,53,272,0.1948529411764706
2014/2015,10228,SC Heerenveen,53,272,0.1948529411764706
2010/2011,10235,Feyenoord,53,272,0.1948529411764706
2008/2009,9804,Torino,37,190,0.19473684210526315
2012/2013,7878,Granada CF,37,190,0.19473684210526315
2009/2010,8528,Wigan Athletic,37,190,0.19473684210526315
2011/2012,8686,Roma,59,303,0.19471947194719472
2010/2011,8686,Roma,59,303,0.19471947194719472
2014/2015,8636,Inter,59,303,0.19471947194719472
2012/2013,8406,FC Augsburg,33,170,0.19411764705882353
2010/2011,8315,Athletic Club de Bilbao,59,304,0.19407894736842105
2010/2011,8650,Liverpool,59,304,0.19407894736842105
2012/2013,8639,LOSC Lille,59,304,0.19407894736842105
2015/2016,8455,Chelsea,59,304,0.19407894736842105
2009/2010,10267,Valencia CF,59,304,0.19407894736842105
2015/2016,8668,Everton,59,304,0.19407894736842105
2011/2012,10267,Valencia CF,59,304,0.19407894736842105
2011/2012,10214,CD Nacional,48,248,0.1935483870967742
2009/2010,10264,SC Braga,48,248,0.1935483870967742
2014/2015,10000,SV Zulte-Waregem,41,212,0.19339622641509435
2015/2016,9985,Standard de Liège,41,212,0.19339622641509435
2015/2016,9905,1. FSV Mainz 05,46,238,0.19327731092436976
2011/2012,8371,CA Osasuna,44,228,0.19298245614035087
2014/2015,8560,Real Sociedad,44,228,0.19298245614035087
2015/2016,10001,KVC Westerlo,35,182,0.19230769230769232
2014/2015,10243,FC Zürich,55,286,0.19230769230769232
2009/2010,10243,FC Zürich,55,286,0.19230769230769232
2010/2011,8025,Śląsk Wrocław,46,240,0.19166666666666668
2012/2013,2182,Lech Poznań,46,240,0.19166666666666668
2013/2014,1957,Jagiellonia Białystok,46,240,0.19166666666666668
2011/2012,8178,Bayer 04 Leverkusen,52,272,0.19117647058823528
2011/2012,8722,1. FC Köln,39,204,0.19117647058823528
2011/2012,9791,Heracles Almelo,52,272,0.19117647058823528
2014/2015,9830,FC Nantes,29,152,0.19078947368421054
2014/2015,9938,Dundee United,58,304,0.19078947368421054
2014/2015,8586,Tottenham Hotspur,58,304,0.19078947368421054
2009/2010,8305,Getafe CF,58,304,0.19078947368421054
2008/2009,8456,Manchester City,58,304,0.19078947368421054
2009/2010,9827,Girondins de Bordeaux,58,304,0.19078947368421054
2015/2016,8315,Athletic Club de Bilbao,58,304,0.19078947368421054
2015/2016,9831,OGC Nice,58,304,0.19078947368421054
2012/2013,8302,Sevilla FC,58,304,0.19078947368421054
2011/2012,9989,Lierse SK,24,126,0.19047619047619047
2015/2016,10190,FC St. Gallen,41,216,0.18981481481481483
2011/2012,9768,Sporting CP,47,248,0.18951612903225806
2008/2009,10214,CD Nacional,47,248,0.18951612903225806
2010/2011,9865,UD Almería,36,190,0.18947368421052632
2013/2014,8603,Real Betis Balompié,36,190,0.18947368421052632
2009/2010,9869,Real Sporting de Gijón,36,190,0.18947368421052632
2010/2011,9885,Juventus,57,301,0.1893687707641196
2014/2015,9905,1. FSV Mainz 05,45,238,0.18907563025210083
2011/2012,9761,NAC Breda,45,238,0.18907563025210083
2011/2012,8569,GKS Bełchatów,34,180,0.18888888888888888
2014/2015,10199,FC Luzern,54,286,0.1888111888111888
2009/2010,10233,Genoa,57,302,0.18874172185430463
2011/2012,8203,KV Mechelen,40,212,0.18867924528301888
2008/2009,9994,Sporting Lokeren,40,212,0.18867924528301888
2009/2010,8165,1. FC Nürnberg,32,170,0.18823529411764706
2013/2014,8564,Milan,57,303,0.18811881188118812
2009/2010,10249,Montpellier Hérault SC,50,266,0.18796992481203006
2015/2016,10265,Wisła Kraków,45,240,0.1875
2010/2011,8673,Legia Warszawa,45,240,0.1875
2012/2013,9831,OGC Nice,57,304,0.1875
2013/2014,9790,Hamburger SV,51,272,0.1875
2014/2015,8485,Aberdeen,57,304,0.1875
2012/2013,8689,FC Lorient,57,304,0.1875
2009/2010,10269,VfB Stuttgart,51,272,0.1875
2009/2010,9906,Atlético Madrid,57,304,0.1875
2015/2016,10189,FC Schalke 04,51,272,0.1875
2011/2012,8530,Catania,42,224,0.1875
2015/2016,8030,Lechia Gdańsk,45,240,0.1875
2015/2016,8722,1. FC Köln,38,204,0.18627450980392157
2011/2012,8177,Hertha BSC Berlin,38,204,0.18627450980392157
2008/2009,8529,Cagliari,49,264,0.1856060606060606
2014/2015,10212,CS Marítimo,46,248,0.18548387096774194
2013/2014,9764,Gil Vicente FC,23,124,0.18548387096774194
2008/2009,10233,Genoa,56,302,0.18543046357615894
2012/2013,8464,N.E.C.,44,238,0.18487394957983194
2013/2014,9803,Roda JC Kerkrade,44,238,0.18487394957983194
2010/2011,9761,NAC Breda,44,238,0.18487394957983194
2008/2009,9761,NAC Breda,44,238,0.18487394957983194
2011/2012,8636,Inter,56,303,0.1848184818481848
2014/2015,8564,Milan,56,303,0.1848184818481848
2015/2016,10249,Montpellier Hérault SC,49,266,0.18421052631578946
2010/2011,9869,Real Sporting de Gijón,35,190,0.18421052631578946
2010/2011,9847,Paris Saint-Germain,56,304,0.18421052631578946
2011/2012,7878,Granada CF,35,190,0.18421052631578946
2013/2014,9853,AS Saint-Étienne,56,304,0.18421052631578946
2011/2012,8696,Racing Santander,28,152,0.18421052631578946
2013/2014,9748,Olympique Lyonnais,56,304,0.18421052631578946
2008/2009,9882,Sampdoria,49,266,0.18421052631578946
2013/2014,9850,Norwich City,28,152,0.18421052631578946
2014/2015,9865,UD Almería,35,190,0.18421052631578946
2009/2010,9882,Sampdoria,49,266,0.18421052631578946
2008/2009,10251,Hibernian,42,228,0.18421052631578946
2009/2010,10000,SV Zulte-Waregem,39,212,0.18396226415094338
2009/2010,8571,KV Kortrijk,39,212,0.18396226415094338
2011/2012,8571,KV Kortrijk,39,212,0.18396226415094338
2010/2011,10000,SV Zulte-Waregem,39,212,0.18396226415094338
2012/2013,10228,SC Heerenveen,50,272,0.18382352941176472
2015/2016,8697,SV Werder Bremen,50,272,0.18382352941176472
2012/2013,8697,SV Werder Bremen,50,272,0.18382352941176472
2010/2011,8226,TSG 1899 Hoffenheim,50,272,0.18382352941176472
2015/2016,10269,VfB Stuttgart,50,272,0.18382352941176472
2014/2015,8697,SV Werder Bremen,50,272,0.18382352941176472
2010/2011,10265,Wisła Kraków,44,240,0.18333333333333332
2012/2013,8025,Śląsk Wrocław,44,240,0.18333333333333332
2011/2012,1601,Ruch Chorzów,44,240,0.18333333333333332
2008/2009,8530,Catania,41,224,0.18303571428571427
2009/2010,9885,Juventus,55,301,0.18272425249169436
2010/2011,8543,Lazio,55,301,0.18272425249169436
2011/2012,10192,BSC Young Boys,52,286,0.18181818181818182
2015/2016,10179,FC Sion,52,286,0.18181818181818182
2014/2015,8529,Cagliari,48,264,0.18181818181818182
2012/2013,8636,Inter,55,303,0.18151815181518152
2015/2016,10212,CS Marítimo,45,248,0.1814516129032258
2012/2013,10214,CD Nacional,45,248,0.1814516129032258
2014/2015,10214,CD Nacional,45,248,0.1814516129032258
2008/2009,9768,Sporting CP,45,248,0.1814516129032258
2010/2011,10264,SC Braga,45,248,0.1814516129032258
2015/2016,7844,Vitória Guimarães,45,248,0.1814516129032258
2010/2011,8525,Willem II,37,204,0.18137254901960784
2010/2011,9984,KSV Cercle Brugge,33,182,0.1813186813186813
2012/2013,8668,Everton,55,304,0.18092105263157895
2013/2014,8586,Tottenham Hotspur,55,304,0.18092105263157895
2010/2011,9938,Dundee United,55,304,0.18092105263157895
2008/2009,8668,Everton,55,304,0.18092105263157895
2010/2011,8586,Tottenham Hotspur,55,304,0.18092105263157895
2009/2010,9938,Dundee United,55,304,0.18092105263157895
2008/2009,9864,Málaga CF,55,304,0.18092105263157895
2013/2014,9761,NAC Breda,43,238,0.18067226890756302
2013/2014,9882,Sampdoria,48,266,0.18045112781954886
2015/2016,9882,Sampdoria,48,266,0.18045112781954886
2013/2014,8467,St. Johnstone FC,48,266,0.18045112781954886
2014/2015,10205,Villarreal CF,48,266,0.18045112781954886
2014/2015,9882,Sampdoria,48,266,0.18045112781954886
2013/2014,10269,VfB Stuttgart,49,272,0.1801470588235294
2014/2015,8226,TSG 1899 Hoffenheim,49,272,0.1801470588235294
2012/2013,10217,ADO Den Haag,49,272,0.1801470588235294
2015/2016,8611,FC Twente,49,272,0.1801470588235294
2008/2009,9790,Hamburger SV,49,272,0.1801470588235294
2008/2009,9904,Hannover 96,49,272,0.1801470588235294
2014/2015,8674,FC Groningen,49,272,0.1801470588235294
2010/2011,9904,Hannover 96,49,272,0.1801470588235294
2011/2012,8697,SV Werder Bremen,49,272,0.1801470588235294
2011/2012,9788,Borussia Mönchengladbach,49,272,0.1801470588235294
2013/2014,8033,Podbeskidzie Bielsko-Biała,27,150,0.18
2012/2013,9874,FC Sochaux-Montbéliard,41,228,0.17982456140350878
2008/2009,9829,AS Monaco,41,228,0.17982456140350878
2010/2011,8581,Levante UD,41,228,0.17982456140350878
2008/2009,8371,CA Osasuna,41,228,0.17982456140350878
2013/2014,8543,Lazio,54,301,0.17940199335548174
2014/2015,9994,Sporting Lokeren,38,212,0.1792452830188679
2014/2015,9987,KRC Genk,38,212,0.1792452830188679
2009/2010,9985,Standard de Liège,38,212,0.1792452830188679
2014/2015,1957,Jagiellonia Białystok,43,240,0.17916666666666667
2014/2015,8025,Śląsk Wrocław,43,240,0.17916666666666667
2008/2009,8528,Wigan Athletic,34,190,0.17894736842105263
2015/2016,8603,Real Betis Balompié,34,190,0.17894736842105263
2009/2010,8600,Udinese,54,302,0.17880794701986755
2010/2011,8530,Catania,40,224,0.17857142857142858
2013/2014,10243,FC Zürich,51,286,0.17832167832167833
2014/2015,8686,Roma,54,303,0.1782178217821782
2008/2009,10252,Aston Villa,54,304,0.17763157894736842
2009/2010,8689,FC Lorient,54,304,0.17763157894736842
2008/2009,8302,Sevilla FC,54,304,0.17763157894736842
2011/2012,9864,Málaga CF,54,304,0.17763157894736842
2010/2011,9864,Málaga CF,54,304,0.17763157894736842
2011/2012,10191,FC Thun,38,214,0.17757009345794392
2015/2016,7841,Rio Ave FC,44,248,0.1774193548387097
2008/2009,9807,CF Os Belenenses,28,158,0.17721518987341772
2012/2013,9800,St. Mirren,47,266,0.17669172932330826
2009/2010,8654,West Ham United,47,266,0.17669172932330826
2008/2009,8535,Fiorentina,53,300,0.17666666666666667
2011/2012,8464,N.E.C.,42,238,0.17647058823529413
2011/2012,8277,Vitesse,48,272,0.17647058823529413
2014/2015,8358,SC Freiburg,36,204,0.17647058823529413
2009/2010,8674,FC Groningen,48,272,0.17647058823529413
2015/2016,10217,ADO Den Haag,48,272,0.17647058823529413
2010/2011,9788,Borussia Mönchengladbach,48,272,0.17647058823529413
2014/2015,8177,Hertha BSC Berlin,36,204,0.17647058823529413
2012/2013,9905,1. FSV Mainz 05,42,238,0.17647058823529413
2008/2009,8526,De Graafschap,24,136,0.17647058823529413
2009/2010,9761,NAC Breda,42,238,0.17647058823529413
2009/2010,8525,Willem II,36,204,0.17647058823529413
2013/2014,2186,Cracovia,37,210,0.1761904761904762
2010/2011,2186,Cracovia,37,210,0.1761904761904762
2011/2012,8543,Lazio,53,301,0.1760797342192691
2012/2013,8581,Levante UD,40,228,0.17543859649122806
2011/2012,10251,Hibernian,40,228,0.17543859649122806
2008/2009,9874,FC Sochaux-Montbéliard,40,228,0.17543859649122806
2011/2012,9873,Valenciennes FC,40,228,0.17543859649122806
2011/2012,9874,FC Sochaux-Montbéliard,40,228,0.17543859649122806
2013/2014,9879,Fulham,40,228,0.17543859649122806
2012/2013,8030,Lechia Gdańsk,42,240,0.175
2011/2012,8673,Legia Warszawa,42,240,0.175
2011/2012,2182,Lech Poznań,42,240,0.175
2012/2013,9857,Bologna,46,263,0.17490494296577946
2014/2015,9956,Grasshopper Club Zürich,50,286,0.17482517482517482
2011/2012,7955,Neuchâtel Xamax,22,126,0.1746031746031746
2008/2009,8571,KV Kortrijk,37,212,0.17452830188679244
2014/2015,8203,KV Mechelen,37,212,0.17452830188679244
2012/2013,9864,Málaga CF,53,304,0.17434210526315788
2010/2011,8597,Kilmarnock,53,304,0.17434210526315788
2011/2012,9906,Atlético Madrid,53,304,0.17434210526315788
2013/2014,8592,Olympique de Marseille,53,304,0.17434210526315788
2013/2014,8485,Aberdeen,53,304,0.17434210526315788
2011/2012,9851,Stade Rennais FC,53,304,0.17434210526315788
2011/2012,9827,Girondins de Bordeaux,53,304,0.17434210526315788
2015/2016,6403,FC Paços de Ferreira,43,248,0.17338709677419356
2013/2014,10214,CD Nacional,43,248,0.17338709677419356
2012/2013,2033,S.C. Olhanense,26,150,0.17333333333333334
2011/2012,8033,Podbeskidzie Bielsko-Biała,26,150,0.17333333333333334
2014/2015,10249,Montpellier Hérault SC,46,266,0.17293233082706766
2011/2012,8721,VfL Wolfsburg,47,272,0.17279411764705882
2012/2013,8721,VfL Wolfsburg,47,272,0.17279411764705882
2010/2011,8697,SV Werder Bremen,47,272,0.17279411764705882
2015/2016,8721,VfL Wolfsburg,47,272,0.17279411764705882
2014/2015,9789,Borussia Dortmund,47,272,0.17279411764705882
2014/2015,9791,Heracles Almelo,47,272,0.17279411764705882
2008/2009,10189,FC Schalke 04,47,272,0.17279411764705882
2015/2016,9791,Heracles Almelo,47,272,0.17279411764705882
2015/2016,8543,Lazio,52,301,0.17275747508305647
2010/2011,10167,Parma,39,226,0.17256637168141592
2008/2009,8464,N.E.C.,41,238,0.1722689075630252
2010/2011,8569,GKS Bełchatów,31,180,0.17222222222222222
2013/2014,8021,Zagłębie Lubin,31,180,0.17222222222222222
2010/2011,8021,Zagłębie Lubin,31,180,0.17222222222222222
2011/2012,8600,Udinese,52,302,0.17218543046357615
2009/2010,8358,SC Freiburg,35,204,0.1715686274509804
2008/2009,8722,1. FC Köln,35,204,0.1715686274509804
2015/2016,8525,Willem II,35,204,0.1715686274509804
2008/2009,8525,Willem II,35,204,0.1715686274509804
2013/2014,8245,Korona Kielce,36,210,0.17142857142857143
2011/2012,8020,Polonia Bytom,36,210,0.17142857142857143
2010/2011,8020,Polonia Bytom,36,210,0.17142857142857143
2013/2014,10190,FC St. Gallen,37,216,0.1712962962962963
2008/2009,8524,Atalanta,45,263,0.17110266159695817
2015/2016,9851,Stade Rennais FC,52,304,0.17105263157894737
2009/2010,10252,Aston Villa,52,304,0.17105263157894737
2014/2015,8650,Liverpool,52,304,0.17105263157894737
2008/2009,9879,Fulham,39,228,0.17105263157894737
2009/2010,9927,Motherwell,52,304,0.17105263157894737
2010/2011,10251,Hibernian,39,228,0.17105263157894737
2009/2010,9879,Fulham,39,228,0.17105263157894737
2009/2010,9829,AS Monaco,39,228,0.17105263157894737
2009/2010,9851,Stade Rennais FC,52,304,0.17105263157894737
2012/2013,8597,Kilmarnock,52,304,0.17105263157894737
2008/2009,9748,Olympique Lyonnais,52,304,0.17105263157894737
2010/2011,8571,KV Kortrijk,36,212,0.16981132075471697
2009/2010,8203,KV Mechelen,36,212,0.16981132075471697
2010/2011,9997,Sint-Truidense VV,20,118,0.1694915254237288
2012/2013,8543,Lazio,51,301,0.16943521594684385
2012/2013,6403,FC Paços de Ferreira,42,248,0.1693548387096774
2009/2010,10212,CS Marítimo,42,248,0.1693548387096774
2009/2010,9768,Sporting CP,42,248,0.1693548387096774
2011/2012,9860,Heart of Midlothian,45,266,0.16917293233082706
2013/2014,9860,Heart of Midlothian,45,266,0.16917293233082706
2013/2014,10249,Montpellier Hérault SC,45,266,0.16917293233082706
2011/2012,8659,West Bromwich Albion,45,266,0.16917293233082706
2012/2013,8654,West Ham United,45,266,0.16917293233082706
2012/2013,10261,Newcastle United,45,266,0.16917293233082706
2012/2013,8467,St. Johnstone FC,45,266,0.16917293233082706
2013/2014,9908,FC Utrecht,46,272,0.16911764705882354
2015/2016,10228,SC Heerenveen,46,272,0.16911764705882354
2010/2011,9790,Hamburger SV,46,272,0.16911764705882354
2013/2014,9904,Hannover 96,46,272,0.16911764705882354
2013/2014,7878,Granada CF,32,190,0.16842105263157894
2013/2014,9810,Eintracht Frankfurt,40,238,0.16806722689075632
2012/2013,9761,NAC Breda,40,238,0.16806722689075632
2012/2013,10192,BSC Young Boys,48,286,0.16783216783216784
2012/2013,9956,Grasshopper Club Zürich,48,286,0.16783216783216784
2013/2014,10199,FC Luzern,48,286,0.16783216783216784
2015/2016,10243,FC Zürich,48,286,0.16783216783216784
2008/2009,8639,LOSC Lille,51,304,0.16776315789473684
2013/2014,10267,Valencia CF,51,304,0.16776315789473684
2015/2016,8302,Sevilla FC,51,304,0.16776315789473684
2014/2015,9853,AS Saint-Étienne,51,304,0.16776315789473684
2010/2011,8668,Everton,51,304,0.16776315789473684
2012/2013,9938,Dundee United,51,304,0.16776315789473684
2009/2010,8245,Korona Kielce,35,210,0.16666666666666666
2010/2011,8529,Cagliari,44,264,0.16666666666666666
2014/2015,2186,Cracovia,35,210,0.16666666666666666
2009/2010,8021,Zagłębie Lubin,30,180,0.16666666666666666
2009/2010,2183,P. Warszawa,25,150,0.16666666666666666
2012/2013,8020,Polonia Bytom,35,210,0.16666666666666666
2009/2010,1601,Ruch Chorzów,40,240,0.16666666666666666
2009/2010,8177,Hertha BSC Berlin,34,204,0.16666666666666666
2008/2009,8025,Śląsk Wrocław,40,240,0.16666666666666666
2013/2014,1601,Ruch Chorzów,40,240,0.16666666666666666
2009/2010,8028,Piast Gliwice,30,180,0.16666666666666666
2014/2015,8722,1. FC Köln,34,204,0.16666666666666666
2009/2010,9875,Napoli,50,301,0.16611295681063123
2012/2013,9788,Borussia Mönchengladbach,45,272,0.16544117647058823
2013/2014,10217,ADO Den Haag,45,272,0.16544117647058823
2013/2014,9791,Heracles Almelo,45,272,0.16544117647058823
2015/2016,10205,Villarreal CF,44,266,0.16541353383458646
2015/2016,10261,Newcastle United,44,266,0.16541353383458646
2014/2015,8654,West Ham United,44,266,0.16541353383458646
2013/2014,8066,Inverness Caledonian Thistle,44,266,0.16541353383458646
2011/2012,10212,CS Marítimo,41,248,0.16532258064516128
2013/2014,10238,Vitória Setúbal,41,248,0.16532258064516128
2010/2011,9768,Sporting CP,41,248,0.16532258064516128
2015/2016,9994,Sporting Lokeren,35,212,0.1650943396226415
2015/2016,8636,Inter,50,303,0.16501650165016502
2012/2013,9986,Sporting Charleroi,30,182,0.16483516483516483
2012/2013,9984,KSV Cercle Brugge,30,182,0.16483516483516483
2008/2009,8305,Getafe CF,50,304,0.16447368421052633
2009/2010,8315,Athletic Club de Bilbao,50,304,0.16447368421052633
2011/2012,8668,Everton,50,304,0.16447368421052633
2009/2010,9847,Paris Saint-Germain,50,304,0.16447368421052633
2015/2016,9827,Girondins de Bordeaux,50,304,0.16447368421052633
2014/2015,10179,FC Sion,47,286,0.16433566433566432
2010/2011,10179,FC Sion,47,286,0.16433566433566432
2008/2009,9810,Eintracht Frankfurt,39,238,0.1638655462184874
2013/2014,8524,Atalanta,43,263,0.1634980988593156
2008/2009,9857,Bologna,43,263,0.1634980988593156
2010/2011,8535,Fiorentina,49,300,0.16333333333333333
2012/2013,8529,Cagliari,43,264,0.16287878787878787
2009/2010,8371,CA Osasuna,37,228,0.16228070175438597
2015/2016,8581,Levante UD,37,228,0.16228070175438597
2013/2014,9873,Valenciennes FC,37,228,0.16228070175438597
2013/2014,9874,FC Sochaux-Montbéliard,37,228,0.16228070175438597
2011/2012,8245,Korona Kielce,34,210,0.1619047619047619
2010/2011,8245,Korona Kielce,34,210,0.1619047619047619
2014/2015,8245,Korona Kielce,34,210,0.1619047619047619
2012/2013,8525,Willem II,33,204,0.16176470588235295
2009/2010,10228,SC Heerenveen,44,272,0.16176470588235295
2009/2010,8226,TSG 1899 Hoffenheim,44,272,0.16176470588235295
2014/2015,10217,ADO Den Haag,44,272,0.16176470588235295
2009/2010,8722,1. FC Köln,33,204,0.16176470588235295
2015/2016,8564,Milan,49,303,0.1617161716171617
2013/2014,10261,Newcastle United,43,266,0.16165413533834586
2011/2012,8467,St. Johnstone FC,43,266,0.16165413533834586
2013/2014,8659,West Bromwich Albion,43,266,0.16165413533834586
2012/2013,9882,Sampdoria,43,266,0.16165413533834586
2010/2011,8654,West Ham United,43,266,0.16165413533834586
2014/2015,6403,FC Paços de Ferreira,40,248,0.16129032258064516
2011/2012,7844,Vitória Guimarães,40,248,0.16129032258064516
2015/2016,10214,CD Nacional,40,248,0.16129032258064516
2015/2016,10238,Vitória Setúbal,40,248,0.16129032258064516
2013/2014,10212,CS Marítimo,40,248,0.16129032258064516
2008/2009,9847,Paris Saint-Germain,49,304,0.1611842105263158
2010/2011,8305,Getafe CF,49,304,0.1611842105263158
2015/2016,10260,Manchester United,49,304,0.1611842105263158
2011/2012,9927,Motherwell,49,304,0.1611842105263158
2011/2012,9853,AS Saint-Étienne,49,304,0.1611842105263158
2013/2014,9827,Girondins de Bordeaux,49,304,0.1611842105263158
2011/2012,8315,Athletic Club de Bilbao,49,304,0.1611842105263158
2012/2013,9941,Toulouse FC,49,304,0.1611842105263158
2013/2014,8028,Piast Gliwice,29,180,0.16111111111111112
2011/2012,10199,FC Luzern,46,286,0.16083916083916083
2010/2011,8203,KV Mechelen,34,212,0.16037735849056603
2009/2010,8535,Fiorentina,48,300,0.16
2010/2011,2033,S.C. Olhanense,24,150,0.16
2009/2010,9857,Bologna,42,263,0.1596958174904943
2008/2009,9803,Roda JC Kerkrade,38,238,0.15966386554621848
2011/2012,10001,KVC Westerlo,29,182,0.15934065934065933
2011/2012,10233,Genoa,48,302,0.15894039735099338
2010/2011,1957,Jagiellonia Białystok,38,240,0.15833333333333333
2013/2014,10265,Wisła Kraków,38,240,0.15833333333333333
2013/2014,8030,Lechia Gdańsk,38,240,0.15833333333333333
2013/2014,8025,Śląsk Wrocław,38,240,0.15833333333333333
2009/2010,9904,Hannover 96,43,272,0.15808823529411764
2009/2010,9788,Borussia Mönchengladbach,43,272,0.15808823529411764
2010/2011,8721,VfL Wolfsburg,43,272,0.15808823529411764
2010/2011,9829,AS Monaco,36,228,0.15789473684210525
2010/2011,9993,Beerschot AC,24,152,0.15789473684210525
2014/2015,8668,Everton,48,304,0.15789473684210525
2012/2013,9851,Stade Rennais FC,48,304,0.15789473684210525
2010/2011,10252,Aston Villa,48,304,0.15789473684210525
2008/2009,8429,Hamilton Academical FC,30,190,0.15789473684210525
2009/2010,8472,Sunderland,48,304,0.15789473684210525
2015/2016,8472,Sunderland,48,304,0.15789473684210525
2011/2012,8066,Inverness Caledonian Thistle,42,266,0.15789473684210525
2008/2009,8654,West Ham United,42,266,0.15789473684210525
2015/2016,8592,Olympique de Marseille,48,304,0.15789473684210525
2011/2012,8302,Sevilla FC,48,304,0.15789473684210525
2014/2015,10194,Stoke City,48,304,0.15789473684210525
2013/2014,8689,FC Lorient,48,304,0.15789473684210525
2010/2011,10190,FC St. Gallen,34,216,0.1574074074074074
2008/2009,10199,FC Luzern,45,286,0.15734265734265734
2010/2011,9956,Grasshopper Club Zürich,45,286,0.15734265734265734
2013/2014,10264,SC Braga,39,248,0.15725806451612903
2015/2016,8020,Polonia Bytom,33,210,0.15714285714285714
2015/2016,8524,Atalanta,41,263,0.155893536121673
2009/2010,9987,KRC Genk,33,212,0.15566037735849056
2015/2016,8464,N.E.C.,37,238,0.15546218487394958
2014/2015,8558,RCD Espanyol,47,304,0.15460526315789475
2008/2009,8689,FC Lorient,47,304,0.15460526315789475
2015/2016,8689,FC Lorient,47,304,0.15460526315789475
2013/2014,9851,Stade Rennais FC,47,304,0.15460526315789475
2014/2015,9827,Girondins de Bordeaux,47,304,0.15460526315789475
2008/2009,9938,Dundee United,47,304,0.15460526315789475
2011/2012,8650,Liverpool,47,304,0.15460526315789475
2008/2009,8315,Athletic Club de Bilbao,47,304,0.15460526315789475
2012/2013,10252,Aston Villa,47,304,0.15460526315789475
2015/2016,9927,Motherwell,47,304,0.15460526315789475
2014/2015,10269,VfB Stuttgart,42,272,0.15441176470588236
2014/2015,10189,FC Schalke 04,42,272,0.15441176470588236
2010/2011,8277,Vitesse,42,272,0.15441176470588236
2013/2014,8697,SV Werder Bremen,42,272,0.15441176470588236
2012/2013,9790,Hamburger SV,42,272,0.15441176470588236
2012/2013,8226,TSG 1899 Hoffenheim,42,272,0.15441176470588236
2010/2011,8030,Lechia Gdańsk,37,240,0.15416666666666667
2015/2016,1601,Ruch Chorzów,37,240,0.15416666666666667
2010/2011,2182,Lech Poznań,37,240,0.15416666666666667
2015/2016,2182,Lech Poznań,37,240,0.15416666666666667
2015/2016,1957,Jagiellonia Białystok,37,240,0.15416666666666667
2009/2010,9986,Sporting Charleroi,28,182,0.15384615384615385
2008/2009,10179,FC Sion,44,286,0.15384615384615385
2009/2010,10001,KVC Westerlo,28,182,0.15384615384615385
2009/2010,9783,RC Deportivo de La Coruña,35,228,0.15350877192982457
2013/2014,8581,Levante UD,35,228,0.15350877192982457
2014/2015,9783,RC Deportivo de La Coruña,35,228,0.15350877192982457
2008/2009,9873,Valenciennes FC,35,228,0.15350877192982457
2014/2015,7841,Rio Ave FC,38,248,0.1532258064516129
2008/2009,10264,SC Braga,38,248,0.1532258064516129
2008/2009,8543,Lazio,46,301,0.15282392026578073
2014/2015,7878,Granada CF,29,190,0.15263157894736842
2012/2013,8245,Korona Kielce,32,210,0.1523809523809524
2015/2016,8245,Korona Kielce,32,210,0.1523809523809524
2013/2014,8600,Udinese,46,302,0.152317880794702
2011/2012,8524,Atalanta,40,263,0.1520912547528517
2013/2014,8530,Catania,34,224,0.15178571428571427
2012/2013,9991,KAA Gent,33,218,0.15137614678899083
2013/2014,9941,Toulouse FC,46,304,0.1513157894736842
2015/2016,10267,Valencia CF,46,304,0.1513157894736842
2010/2011,9853,AS Saint-Étienne,46,304,0.1513157894736842
2013/2014,8639,LOSC Lille,46,304,0.1513157894736842
2010/2011,10194,Stoke City,46,304,0.1513157894736842
2010/2011,8689,FC Lorient,46,304,0.1513157894736842
2010/2011,8558,RCD Espanyol,46,304,0.1513157894736842
2008/2009,8558,RCD Espanyol,46,304,0.1513157894736842
2011/2012,8558,RCD Espanyol,46,304,0.1513157894736842
2008/2009,9927,Motherwell,46,304,0.1513157894736842
2014/2015,9761,NAC Breda,36,238,0.15126050420168066
2009/2010,9905,1. FSV Mainz 05,36,238,0.15126050420168066
2011/2012,10000,SV Zulte-Waregem,32,212,0.1509433962264151
2008/2009,10217,ADO Den Haag,41,272,0.15073529411764705
2008/2009,9908,FC Utrecht,41,272,0.15073529411764705
2011/2012,8226,TSG 1899 Hoffenheim,41,272,0.15073529411764705
2015/2016,8674,FC Groningen,41,272,0.15073529411764705
2008/2009,8277,Vitesse,41,272,0.15073529411764705
2011/2012,9904,Hannover 96,41,272,0.15073529411764705
2011/2012,8674,FC Groningen,41,272,0.15073529411764705
2014/2015,10261,Newcastle United,40,266,0.15037593984962405
2008/2009,10261,Newcastle United,40,266,0.15037593984962405
2008/2009,9860,Heart of Midlothian,40,266,0.15037593984962405
2012/2013,9860,Heart of Midlothian,40,266,0.15037593984962405
2013/2014,8654,West Ham United,40,266,0.15037593984962405
2011/2012,10243,FC Zürich,43,286,0.15034965034965034
2009/2010,8673,Legia Warszawa,36,240,0.15
2014/2015,8030,Lechia Gdańsk,36,240,0.15
2008/2009,6403,FC Paços de Ferreira,37,248,0.14919354838709678
2009/2010,10215,Académica de Coimbra,37,248,0.14919354838709678
2014/2015,8581,Levante UD,34,228,0.14912280701754385
2015/2016,10233,Genoa,45,302,0.1490066225165563
2010/2011,10233,Genoa,45,302,0.1490066225165563
2012/2013,8524,Atalanta,39,263,0.1482889733840304
2011/2012,8592,Olympique de Marseille,45,304,0.14802631578947367
2008/2009,9941,Toulouse FC,45,304,0.14802631578947367
2013/2014,8597,Kilmarnock,45,304,0.14802631578947367
2011/2012,8472,Sunderland,45,304,0.14802631578947367
2010/2011,8472,Sunderland,45,304,0.14802631578947367
2015/2016,9938,Dundee United,45,304,0.14802631578947367
2015/2016,9941,Toulouse FC,45,304,0.14802631578947367
2008/2009,8586,Tottenham Hotspur,45,304,0.14802631578947367
2013/2014,10194,Stoke City,45,304,0.14802631578947367
2015/2016,9790,Hamburger SV,40,272,0.14705882352941177
2014/2015,9904,Hannover 96,40,272,0.14705882352941177
2009/2010,8464,N.E.C.,35,238,0.14705882352941177
2013/2014,9800,St. Mirren,39,266,0.14661654135338345
2011/2012,9800,St. Mirren,39,266,0.14661654135338345
2011/2012,10205,Villarreal CF,39,266,0.14661654135338345
2012/2013,8571,KV Kortrijk,31,212,0.14622641509433962
2015/2016,8571,KV Kortrijk,31,212,0.14622641509433962
2014/2015,10167,Parma,33,226,0.14601769911504425
2011/2012,1957,Jagiellonia Białystok,35,240,0.14583333333333334
2012/2013,1601,Ruch Chorzów,35,240,0.14583333333333334
2009/2010,9807,CF Os Belenenses,23,158,0.14556962025316456
2012/2013,7844,Vitória Guimarães,36,248,0.14516129032258066
2010/2011,7844,Vitória Guimarães,36,248,0.14516129032258066
2009/2010,10214,CD Nacional,36,248,0.14516129032258066
2012/2013,9768,Sporting CP,36,248,0.14516129032258066
2014/2015,8597,Kilmarnock,44,304,0.14473684210526316
2014/2015,8689,FC Lorient,44,304,0.14473684210526316
2012/2013,8315,Athletic Club de Bilbao,44,304,0.14473684210526316
2012/2013,8371,CA Osasuna,33,228,0.14473684210526316
2014/2015,9831,OGC Nice,44,304,0.14473684210526316
2011/2012,8597,Kilmarnock,44,304,0.14473684210526316
2014/2015,8524,Atalanta,38,263,0.1444866920152091
2015/2016,8226,TSG 1899 Hoffenheim,39,272,0.14338235294117646
2008/2009,9788,Borussia Mönchengladbach,39,272,0.14338235294117646
2009/2010,9908,FC Utrecht,39,272,0.14338235294117646
2012/2013,10199,FC Luzern,41,286,0.14335664335664336
2015/2016,9803,Roda JC Kerkrade,34,238,0.14285714285714285
2015/2016,9810,Eintracht Frankfurt,34,238,0.14285714285714285
2014/2015,8659,West Bromwich Albion,38,266,0.14285714285714285
2008/2009,9875,Napoli,43,301,0.14285714285714285
2015/2016,8540,Palermo,38,266,0.14285714285714285
2014/2015,8600,Udinese,43,302,0.1423841059602649
2015/2016,8533,Chievo Verona,43,303,0.1419141914191419
2014/2015,8639,LOSC Lille,43,304,0.14144736842105263
2012/2013,8558,RCD Espanyol,43,304,0.14144736842105263
2010/2011,9827,Girondins de Bordeaux,43,304,0.14144736842105263
2012/2013,8305,Getafe CF,43,304,0.14144736842105263
2014/2015,9941,Toulouse FC,43,304,0.14144736842105263
2010/2011,7841,Rio Ave FC,35,248,0.14112903225806453
2012/2013,7841,Rio Ave FC,35,248,0.14112903225806453
2011/2012,6403,FC Paços de Ferreira,35,248,0.14112903225806453
2010/2011,6403,FC Paços de Ferreira,35,248,0.14112903225806453
2008/2009,10212,CS Marítimo,35,248,0.14112903225806453
2009/2010,8524,Atalanta,37,263,0.14068441064638784
2013/2014,8371,CA Osasuna,32,228,0.14035087719298245
2013/2014,2033,S.C. Olhanense,21,150,0.14
2011/2012,10179,FC Sion,40,286,0.13986013986013987
2012/2013,10179,FC Sion,40,286,0.13986013986013987
2011/2012,10217,ADO Den Haag,38,272,0.13970588235294118
2009/2010,10217,ADO Den Haag,38,272,0.13970588235294118
2009/2010,8277,Vitesse,38,272,0.13970588235294118
2010/2011,10189,FC Schalke 04,38,272,0.13970588235294118
2008/2009,8066,Inverness Caledonian Thistle,37,266,0.13909774436090225
2009/2010,9864,Málaga CF,42,304,0.13815789473684212
2008/2009,9851,Stade Rennais FC,42,304,0.13815789473684212
2012/2013,8592,Olympique de Marseille,42,304,0.13815789473684212
2014/2015,9864,Málaga CF,42,304,0.13815789473684212
2014/2015,8315,Athletic Club de Bilbao,42,304,0.13815789473684212
2015/2016,9853,AS Saint-Étienne,42,304,0.13815789473684212
2014/2015,1601,Ruch Chorzów,33,240,0.1375
2012/2013,10212,CS Marítimo,34,248,0.13709677419354838
2011/2012,9857,Bologna,36,263,0.13688212927756654
2012/2013,10269,VfB Stuttgart,37,272,0.13602941176470587
2010/2011,9783,RC Deportivo de La Coruña,31,228,0.13596491228070176
2013/2014,10251,Hibernian,31,228,0.13596491228070176
2013/2014,10233,Genoa,41,302,0.1357615894039735
2009/2010,9800,St. Mirren,36,266,0.13533834586466165
2008/2009,8659,West Bromwich Albion,36,266,0.13533834586466165
2009/2010,9831,OGC Nice,41,304,0.13486842105263158
2012/2013,8472,Sunderland,41,304,0.13486842105263158
2012/2013,8485,Aberdeen,41,304,0.13486842105263158
2015/2016,10194,Stoke City,41,304,0.13486842105263158
2008/2009,8485,Aberdeen,41,304,0.13486842105263158
2013/2014,8472,Sunderland,41,304,0.13486842105263158
2015/2016,8597,Kilmarnock,41,304,0.13486842105263158
2013/2014,8558,RCD Espanyol,41,304,0.13486842105263158
2014/2015,8569,GKS Bełchatów,24,180,0.13333333333333333
2012/2013,8569,GKS Bełchatów,24,180,0.13333333333333333
2009/2010,8025,Śląsk Wrocław,32,240,0.13333333333333333
2010/2011,9857,Bologna,35,263,0.13307984790874525
2012/2013,10215,Académica de Coimbra,33,248,0.13306451612903225
2010/2011,10212,CS Marítimo,33,248,0.13306451612903225
2011/2012,7841,Rio Ave FC,33,248,0.13306451612903225
2013/2014,10179,FC Sion,38,286,0.13286713286713286
2011/2012,8529,Cagliari,35,264,0.13257575757575757
2012/2013,8674,FC Groningen,36,272,0.1323529411764706
2008/2009,9853,AS Saint-Étienne,40,304,0.13157894736842105
2012/2013,9827,Girondins de Bordeaux,40,304,0.13157894736842105
2010/2011,9927,Motherwell,40,304,0.13157894736842105
2008/2009,9831,OGC Nice,40,304,0.13157894736842105
2015/2016,8558,RCD Espanyol,40,304,0.13157894736842105
2011/2012,8305,Getafe CF,40,304,0.13157894736842105
2009/2010,9860,Heart of Midlothian,35,266,0.13157894736842105
2010/2011,9810,Eintracht Frankfurt,31,238,0.13025210084033614
2009/2010,8543,Lazio,39,301,0.12956810631229235
2012/2013,1957,Jagiellonia Białystok,31,240,0.12916666666666668
2009/2010,6403,FC Paços de Ferreira,32,248,0.12903225806451613
2010/2011,10215,Académica de Coimbra,32,248,0.12903225806451613
2008/2009,7844,Vitória Guimarães,32,248,0.12903225806451613
2015/2016,10215,Académica de Coimbra,32,248,0.12903225806451613
2013/2014,8529,Cagliari,34,264,0.12878787878787878
2008/2009,9791,Heracles Almelo,35,272,0.12867647058823528
2011/2012,9790,Hamburger SV,35,272,0.12867647058823528
2013/2014,9864,Málaga CF,39,304,0.12828947368421054
2011/2012,9831,OGC Nice,39,304,0.12828947368421054
2010/2011,8485,Aberdeen,39,304,0.12828947368421054
2013/2014,10252,Aston Villa,39,304,0.12828947368421054
2015/2016,8639,LOSC Lille,39,304,0.12828947368421054
2014/2015,8467,St. Johnstone FC,34,266,0.12781954887218044
2015/2016,8659,West Bromwich Albion,34,266,0.12781954887218044
2012/2013,8540,Palermo,34,266,0.12781954887218044
2010/2011,8429,Hamilton Academical FC,24,190,0.12631578947368421
2012/2013,10233,Genoa,38,302,0.12582781456953643
2015/2016,9857,Bologna,33,263,0.12547528517110265
2010/2011,8533,Chievo Verona,38,303,0.1254125412541254
2009/2010,8030,Lechia Gdańsk,30,240,0.125
2009/2010,7844,Vitória Guimarães,31,248,0.125
2008/2009,10194,Stoke City,38,304,0.125
2008/2009,8597,Kilmarnock,38,304,0.125
2010/2011,9941,Toulouse FC,38,304,0.125
2014/2015,9927,Motherwell,38,304,0.125
2008/2009,8030,Lechia Gdańsk,30,240,0.125
2010/2011,9851,Stade Rennais FC,38,304,0.125
2015/2016,9864,Málaga CF,38,304,0.125
2010/2011,9882,Sampdoria,33,266,0.12406015037593984
2008/2009,9800,St. Mirren,33,266,0.12406015037593984
2010/2011,9800,St. Mirren,33,266,0.12406015037593984
2009/2010,9874,FC Sochaux-Montbéliard,28,228,0.12280701754385964
2009/2010,8533,Chievo Verona,37,303,0.12211221122112212
2012/2013,8533,Chievo Verona,37,303,0.12211221122112212
2011/2012,9941,Toulouse FC,37,304,0.12171052631578948
2015/2016,8305,Getafe CF,37,304,0.12171052631578948
2011/2012,10252,Aston Villa,37,304,0.12171052631578948
2013/2014,7844,Vitória Guimarães,30,248,0.12096774193548387
2012/2013,10238,Vitória Setúbal,30,248,0.12096774193548387
2010/2011,1601,Ruch Chorzów,29,240,0.12083333333333333
2011/2012,10265,Wisła Kraków,29,240,0.12083333333333333
2009/2010,1957,Jagiellonia Białystok,29,240,0.12083333333333333
2010/2011,10249,Montpellier Hérault SC,32,266,0.12030075187969924
2013/2014,9807,CF Os Belenenses,19,158,0.12025316455696203
2009/2010,2186,Cracovia,25,210,0.11904761904761904
2011/2012,10194,Stoke City,36,304,0.11842105263157894
2009/2010,9941,Toulouse FC,36,304,0.11842105263157894
2009/2010,8485,Aberdeen,36,304,0.11842105263157894
2011/2012,8485,Aberdeen,36,304,0.11842105263157894
2009/2010,10238,Vitória Setúbal,29,248,0.11693548387096774
2010/2011,10238,Vitória Setúbal,29,248,0.11693548387096774
2012/2013,10265,Wisła Kraków,28,240,0.11666666666666667
2008/2009,1957,Jagiellonia Białystok,28,240,0.11666666666666667
2015/2016,8025,Śląsk Wrocław,28,240,0.11666666666666667
2015/2016,8600,Udinese,35,302,0.11589403973509933
2008/2009,8533,Chievo Verona,35,303,0.11551155115511551
2014/2015,9984,KSV Cercle Brugge,21,182,0.11538461538461539
2014/2015,9851,Stade Rennais FC,35,304,0.11513157894736842
2013/2014,8305,Getafe CF,35,304,0.11513157894736842
2011/2012,8689,FC Lorient,35,304,0.11513157894736842
2008/2009,2186,Cracovia,24,210,0.11428571428571428
2015/2016,9904,Hannover 96,31,272,0.11397058823529412
2013/2014,6403,FC Paços de Ferreira,28,248,0.11290322580645161
2008/2009,10215,Académica de Coimbra,28,248,0.11290322580645161
2010/2011,10214,CD Nacional,28,248,0.11290322580645161
2014/2015,9800,St. Mirren,30,266,0.11278195488721804
2013/2014,8533,Chievo Verona,34,303,0.11221122112211221
2011/2012,9956,Grasshopper Club Zürich,32,286,0.11188811188811189
2012/2013,10194,Stoke City,34,304,0.1118421052631579
2009/2010,10194,Stoke City,34,304,0.1118421052631579
2008/2009,8472,Sunderland,34,304,0.1118421052631579
2010/2011,9986,Sporting Charleroi,20,182,0.10989010989010989
2011/2012,8533,Chievo Verona,33,303,0.10891089108910891
2011/2012,10215,Académica de Coimbra,27,248,0.10887096774193548
2010/2011,9831,OGC Nice,33,304,0.10855263157894737
2014/2015,8305,Getafe CF,33,304,0.10855263157894737
2011/2012,8535,Fiorentina,32,300,0.10666666666666667
2013/2014,9857,Bologna,28,263,0.10646387832699619
2013/2014,8573,KV Oostende,7,66,0.10606060606060606
2014/2015,10215,Académica de Coimbra,26,248,0.10483870967741936
2009/2010,9994,Sporting Lokeren,22,212,0.10377358490566038
2014/2015,8472,Sunderland,31,304,0.10197368421052631
2014/2015,10252,Aston Villa,31,304,0.10197368421052631
2013/2014,10215,Académica de Coimbra,25,248,0.10080645161290322
2013/2014,9831,OGC Nice,30,304,0.09868421052631579
2014/2015,10238,Vitória Setúbal,24,248,0.0967741935483871
2011/2012,10238,Vitória Setúbal,24,248,0.0967741935483871
2009/2010,8597,Kilmarnock,29,304,0.09539473684210527
2009/2010,8558,RCD Espanyol,29,304,0.09539473684210527
2008/2009,8020,Polonia Bytom,20,210,0.09523809523809523
2011/2012,2186,Cracovia,20,210,0.09523809523809523
2008/2009,8028,Piast Gliwice,17,180,0.09444444444444444
2014/2015,8533,Chievo Verona,28,303,0.0924092409240924
2014/2015,9790,Hamburger SV,25,272,0.09191176470588236
2008/2009,1601,Ruch Chorzów,22,240,0.09166666666666666
2015/2016,10252,Aston Villa,27,304,0.08881578947368421
2009/2010,9853,AS Saint-Étienne,27,304,0.08881578947368421
2009/2010,7841,Rio Ave FC,22,248,0.08870967741935484
2011/2012,8030,Lechia Gdańsk,21,240,0.0875
2010/2011,8467,St. Johnstone FC,23,266,0.08646616541353383
2008/2009,10238,Vitória Setúbal,21,248,0.0846774193548387
2013/2014,7841,Rio Ave FC,21,248,0.0846774193548387
2008/2009,7841,Rio Ave FC,20,248,0.08064516129032258
2013/2014,8475,Waasland-Beveren,7,96,0.07291666666666667
2013/2014,9991,KAA Gent,11,218,0.05045871559633028
2013/2014,9989,Lierse SK,5,126,0.03968253968253968
